"","ID","station","line","operator","type_sym","type","com_lgret_ar","com_mx_ar","edu_ar","pkin_tran_ar","pkin_und_ar","resi_mx_ar","resi_multi_ar","resi_sigle_ar","under_gen_ar","under_trsit_ar","Wood_ar","Agri_ar","geometry","potential"
"1",1,"Gulph Mills","Norristown High Speed Line","SEPTA","NHSL","Light_Rail",0,0,0,4070.06742805966,1142.18203648756,0,57894.3561573245,823737.001572245,19331.5590038768,0,405093.585869888,0,c(-75.3424861854237, 40.0711475087079),424425.144873764
"2",2,"34th Street","Market/Frankford Line","SEPTA","MFL","Transit_Rail",0,19523.3713422454,610496.765588119,23333.2154849413,0,0,293945.930512313,0,1277.76553999936,45848.1338631632,0,4097.36104085666,c(-75.1914803689797, 39.9558599404886),51223.2604440193
"3",3,"Race-Vine","Broad Street Line","SEPTA","BSL","Transit_Rail",0,117971.627432901,126661.48074343,497.313882228068,0,18949.5256124913,115905.090732438,0,47349.3563010471,38259.9728504935,0,0,c(-75.1626007024045, 39.9570073675065),85609.3291515406
"4",4,"69th Street Transportation Center","Market/Frankford Line","SEPTA","MFL","Transit_Rail",0,45448.3875927222,0,12074.0202173121,0,0,511299.606608454,35911.7769851538,37083.8255218531,2995.27988971883,460455.991717788,0,c(-75.2592801419407, 39.9626282514783),500535.09712936
"5",5,"York-Dauphin","Market/Frankford Line","SEPTA","MFL","Transit_Rail",0,56080.1091066041,64795.8503422364,0,1870.68715148458,0,856513.47470216,0,115120.485869527,858.745390115239,0,0,c(-75.132029256055, 39.9854455415063),115979.231259643
"6",6,"63rd Street","Market/Frankford Line","SEPTA","MFL","Transit_Rail",0,65280.980875111,6162.01710534609,0,0,0,949483.194223694,15562.375305682,85877.0623054103,0,438415.863530228,7435.05509121679,c(-75.2466916659295, 39.962711697209),531727.980926856
"7",7,"Princeton","Northeast Corridor","NJ Transit","NJT_NEC","Regional_Rail",0,0,844586.764554735,11021.0903625311,0,0,0,73330.9688240771,30586.4193811258,46064.775196343,207770.5925541,0,c(-74.6587905678081, 40.3420482571669),284421.787131569
"8",8,"9th Street","Lansdale/Doylestown Line","SEPTA","SEPTA_RR","Regional_Rail",0,0,0,14669.1078243574,0,0,343060.087735127,197893.745053697,235581.466882975,0,87641.7312273059,0,c(-75.2789082533634, 40.2502849402086),323223.198110281
"9",9,"NRG","Broad Street Line","SEPTA","BSL","Transit_Rail",0,0,0,0,3289.31701746602,0,177231.816774331,0,98066.0011057335,0,0,0,c(-75.1731899856345, 39.905357494991),98066.0011057335
"10",10,"Olney","Fox Chase Line","SEPTA","SEPTA_RR","Regional_Rail",0,56240.7711353068,56811.6295516096,3022.20923659734,0,0,1000339.71486412,15596.0241794366,6405.06213052868,0,8235.69343874534,5208.70603967451,c(-75.1229644891328, 40.0331226837725),19849.4616089485
"11",11,"Carpenter","Chestnut Hill West Line","SEPTA","SEPTA_RR","Regional_Rail",0,18374.8027881322,22502.6245208188,3284.55617768205,0,0,931555.404918968,450128.943295188,3114.76010404524,0,40107.8869002675,0,c(-75.1916100134362, 40.0509296464183),43222.6470043127
"12",12,"Fox Chase","Fox Chase Line","SEPTA","SEPTA_RR","Regional_Rail",0,32011.9060487909,40351.6662629988,12064.8479499506,0,0,602221.258215845,538057.828751655,11096.8392505946,0,14541.9904563041,0,c(-75.0834888263725, 40.0759612342372),25638.8297068987
"13",13,"Merion","Paoli/Thorndale Line","SEPTA","SEPTA_RR","Regional_Rail",0,0,301966.033377962,1682.72804282668,0,0,41444.0315732078,1531856.99689178,0,0,13076.2688701016,0,c(-75.2514669413763, 39.9975426159874),13076.2688701016
"14",14,"Langhorne","West Trenton Line","SEPTA","SEPTA_RR","Regional_Rail",0,0,176785.77047993,14435.7150963432,0,0,56881.0201503398,892501.741863489,60291.7671945209,2043.52383663769,293471.089106462,0,c(-74.9131128486587, 40.160638775214),355806.38013762
"15",15,"Link Belt","Lansdale/Doylestown Line","SEPTA","SEPTA_RR","Regional_Rail",0,0,0,1994.50077910071,0,0,48718.9885435312,140651.826802081,83016.2455126991,23602.7299344172,494515.479842945,271628.956133197,c(-75.2467568450498, 40.2738582961157),872763.411423259
"16",16,"Meadowbrook","West Trenton Line","SEPTA","SEPTA_RR","Regional_Rail",0,0,0,601.307224020512,0,0,0,1186923.26685426,118461.760039686,0,580864.337567528,52325.998536765,c(-75.0925165782276, 40.111378734083),751652.096143978
"17",17,"Rosemont","Paoli/Thorndale Line","SEPTA","SEPTA_RR","Regional_Rail",0,4922.93219531845,157110.075363107,4073.04241859078,0,0,320978.315089529,600516.238141202,11404.0916265402,2207.12716666576,112546.670207389,0,c(-75.3272363712795, 40.0281871079601),126157.889000595
"18",18,"Gwynedd Valley","Lansdale/Doylestown Line","SEPTA","SEPTA_RR","Regional_Rail",0,0,0,5592.02728212542,0,0,0,1448208.84167417,4170.31146822252,9703.42546990091,498179.735869236,117131.039038433,c(-75.256941182774, 40.1848393580465),629184.511845792
"19",19,"North Wales","Lansdale/Doylestown Line","SEPTA","SEPTA_RR","Regional_Rail",0,0,18032.8911039116,12070.7504756836,0,0,219310.951240151,626502.676314324,219537.039682944,959.456240787692,52011.7562803724,0,c(-75.277258314396, 40.2143533566984),272508.252204104
"20",20,"Neshaminy Falls","West Trenton Line","SEPTA","SEPTA_RR","Regional_Rail",0,0,0,8566.39315242904,1508.85100698017,0,588.683715722981,531368.176439528,110839.661054177,0,248783.77576184,0,c(-74.9621398156694, 40.1468380072325),359623.436816018
"21",21,"Ardmore","Paoli/Thorndale Line","SEPTA","SEPTA_RR","Regional_Rail",0,9587.75287663677,0,3025.98209889295,0,0,434304.93866729,737080.954881428,2090.81328035556,2805.84686907302,0,0,c(-75.2903045117539, 40.0084264095969),4896.66014942859
"22",22,"Narberth","Paoli/Thorndale Line","SEPTA","SEPTA_RR","Regional_Rail",0,2460.53666061968,22382.1915348893,4691.38912903399,0,0,279445.753240211,1084644.77617646,4160.54353029884,0,19435.9498160086,0,c(-75.2615403935816, 40.0048660715799),23596.4933463075
"23",23,"Oreland","Lansdale/Doylestown Line","SEPTA","SEPTA_RR","Regional_Rail",0,1031.46555919138,0,5914.0211779239,0,0,75616.4466679136,1048101.39567202,43215.1163899425,21673.6972024291,69994.2976705388,0,c(-75.1838403021797, 40.1181995879032),134883.11126291
"24",24,"Glenolden","Wilmington/Newark Line","SEPTA","SEPTA_RR","Regional_Rail",0,6079.19257496975,38157.4630049812,2470.65134240145,1152.10271249194,0,298250.69901729,822156.948893117,19928.4274964599,0,240041.785748671,0,c(-75.2901838606109, 39.8962167449285),259970.213245131
"25",25,"Andrews Avenue","Route 102 Trolley","SEPTA","Trolley","Trolley",0,13948.1938558924,23490.9538543183,0,2052.33110198062,0,556333.516489959,308214.227675888,4831.54645120484,0,27847.5693484849,0,c(-75.2819982924769, 39.9117058200483),32679.1157996898
"26",26,"Sedgwick","Chestnut Hill East Line","SEPTA","SEPTA_RR","Regional_Rail",0,15042.1589840231,36862.3332917048,4903.42213991073,0,0,878864.618901498,516312.192235309,2329.16271692418,0,12810.9640897805,0,c(-75.1852665457837, 40.0628703720786),15140.1268067047
"27",27,"Veterans Square","Route 101 Trolley","SEPTA","Trolley","Trolley",0,32268.3265458104,17744.6428559876,8705.1061758122,0,0,432695.469487,399502.551061617,10556.5803396062,5365.3988129955,334406.022472731,0,c(-75.3920512514788, 39.9182846411927),350328.001625333
"28",28,"Bordentown","RiverLine","NJ Transit","NJT_Riverline","Light_Rail",0,29558.3984669251,18721.3320685745,6540.03165702261,0,0,113485.038900555,292909.175808551,86461.4425532385,0,283391.048301151,0,c(-74.7162082004466, 40.1482120579801),369852.490854389
"29",29,"Darby","Wilmington/Newark Line","SEPTA","SEPTA_RR","Regional_Rail",0,8767.8368919678,13799.5194777751,963.113254198769,0,0,714749.384453911,40603.56551496,54465.5084787142,0,415123.020955882,0,c(-75.2545951681446, 39.9129530558702),469588.529434596
"30",30,"Palmyra","RiverLine","NJ Transit","NJT_Riverline","Light_Rail",0,20756.4185100737,32658.0935654361,1204.96099630448,0,0,15724.5533272335,1468322.47306918,0,0,0,0,c(-75.0211299925716, 40.0042244798254),0
"31",31,"Trenton Transit Center","RiverLine","NJ Transit","NJT_Riverline","Light_Rail",0,51750.3944659875,17206.8014780916,26865.4093699123,2087.6714237782,2412.32865644018,572239.829708182,14582.8990095477,61632.1707809477,8204.41347134983,16057.5265294119,3068.81872161455,c(-74.7551220456131, 40.2183613198001),88962.9295033239
"32",32,"Prospect Park","Wilmington/Newark Line","SEPTA","SEPTA_RR","Regional_Rail",0,4957.96861434628,35862.5697651245,3710.0617308484,0,0,462488.157823321,708964.521381986,2182.55807444738,0,88044.9637124514,0,c(-75.3094537272632, 39.8881192979256),90227.5217868988
"33",33,"Cherry Hill","Atlantic City Line","NJ Transit","NJT_Atlantic","Regional_Rail",19320.453943566,0,0,268.654149642998,0,0,74584.6285301459,475113.572482356,91790.0267539137,234606.629873283,188076.457879158,0,c(-75.0417014722859, 39.9284539315727),514473.114506355
"34",34,"Collingswood","PATCO","PATCO","PATCO","Transit_Rail",0,29823.9050051997,13407.8664007826,18606.9895342737,580.038931828602,0,152068.146688241,1224968.99460702,7791.62931993671,0,0,1051.77224713509,c(-75.0644712369698, 39.9135740710262),8843.40156707179
"35",35,"Trenton Transit Center","Trenton Line","SEPTA","SEPTA_RR","Regional_Rail",0,46756.3641219898,17206.8014780916,26865.4093699123,2087.6714237782,2412.32865644018,601502.576132656,15517.8985590162,63778.4587332989,8204.41347134983,16057.5265294119,3068.81872161455,c(-74.753883431282, 40.2185537375267),91109.2174556752
"36",36,"Clifton-Aldan","Media/Elwyn Line","SEPTA","SEPTA_RR","Regional_Rail",0,11910.0324029333,8122.68796886707,10186.0671675299,0,0,503527.088822542,705275.416047171,9046.14270190772,11943.3646581931,71010.8448417863,0,c(-75.2903181878517, 39.9266675412493),92000.3522018871
"37",37,"9th-10th & Locust Street","PATCO","PATCO","PATCO","Transit_Rail",0,122383.105945255,62388.5842338332,497.313882228068,1150.29118496028,22126.6636057583,575653.023176908,0,2612.49413678054,18477.9317862931,0,858.230947091162,c(-75.1568017739716, 39.9472140998562),21948.6568701648
"38",38,"Forest Hills","West Trenton Line","SEPTA","SEPTA_RR","Regional_Rail",0,1824.42827697568,0,5588.58344269727,0,0,311273.860930562,717022.319538561,19459.1992331122,0,122228.175308174,0,c(-75.0207388950365, 40.1278793909931),141687.374541286
"39",39,"Lansdowne","Media/Elwyn Line","SEPTA","SEPTA_RR","Regional_Rail",0,6470.62983430595,6880.10901342962,4476.89659256751,0,0,480665.358124525,651047.221809329,6671.91310616706,6953.35053960421,181065.956366535,1065.84267578832,c(-75.2714350148391, 39.9373015035468),195757.062688095
"40",40,"Trenton Transit Center","Northeast Corridor","NJ Transit","NJT_NEC","Regional_Rail",0,46756.3641219898,17206.8014780916,26865.4093699123,2087.6714237782,2412.32865644018,601502.576132656,15517.8985590162,63778.4587332989,8204.41347134983,16057.5265294119,3068.81872161455,c(-74.753883431282, 40.2185537375267),91109.2174556752
"41",41,"Cass Street","RiverLine","NJ Transit","NJT_Riverline","Light_Rail",0,41853.324243166,11146.9263814815,858.137998720057,0,0,800174.102722266,0,20269.709871281,0,0,3041.29871293517,c(-74.7543126396183, 40.2054264095715),23311.0085842161
"42",42,"Jackson Street","Route 101 Trolley","SEPTA","Trolley","Trolley",0,34272.6534958893,17744.6428559876,10539.3458421272,0,0,486247.422467349,381868.109745703,13315.7420176113,5365.3988129955,134715.670334804,0,c(-75.3894480743346, 39.9179265935124),153396.811165411
"43",43,"Congress Avenue","Route 101 & 102 Trolley Lines","SEPTA","Trolley","Trolley",0,8977.63675804914,100674.430549385,0,0,0,208312.067674067,872906.431160592,1872.23881504065,0,135775.231888969,0,c(-75.2791631996187, 39.9529739505117),137647.47070401
"44",44,"Highland Avenue","Wilmington/Newark Line","SEPTA","SEPTA_RR","Regional_Rail",0,0,11404.0131049939,1354.13647849496,0,0,638133.134537079,26057.8191298712,171695.400771204,0,65502.3245833516,0,c(-75.3930087323613, 39.8337006222012),237197.725354556
"45",45,"Angora","Media/Elwyn Line","SEPTA","SEPTA_RR","Regional_Rail",0,12143.6646572617,53675.8947332143,0,0,0,1010099.98146822,40614.4111869775,55539.5071843553,5131.0082968797,309949.540366178,1709.54351322931,c(-75.2383531604327, 39.944919322468),372329.599360642
"46",46,"Irvington Road","Route 101 & 102 Trolley Lines","SEPTA","Trolley","Trolley",0,10484.011898493,7569.21272863642,0,0,0,285533.941952177,1095270.58358416,692.977757040455,0,0,0,c(-75.289095990629, 39.9487575265627),692.977757040455
"47",47,"Anderson Avenue","Route 101 Trolley","SEPTA","Trolley","Trolley",0,4803.03849391474,18684.5884132486,0,0,0,491232.393573842,802014.42462437,11555.8583336412,0,385255.904238191,0,c(-75.3128054493366, 39.9478495514421),396811.762571832
"48",48,"Jefferson Station","SEPTA Main Line","SEPTA","SEPTA_RR","Regional_Rail",0,135300.777922159,64058.0529514909,497.313882228068,0,29825.9398171261,184628.492677799,0,12343.3213801537,15930.5240446501,0,0,c(-75.158373769432, 39.9526490662536),28273.8454248038
"49",49,"Broadway","PATCO","PATCO","PATCO","Transit_Rail",0,42924.9459484827,135517.633937079,28922.5850766759,0,11424.5564604125,364246.678981482,471.252666212156,92039.3280193645,34196.5121279885,0,5149.8367974239,c(-75.1198274263474, 39.9431120837317),131385.676944777
"50",50,"Cooper Street/Rutgers University","RiverLine","NJ Transit","NJT_Riverline","Light_Rail",0,30066.4739083415,129937.055820163,21267.656190184,57930.5937683726,11424.5564604125,236184.021039288,0,66734.1805467253,20612.0053756726,0,0,c(-75.1247364842694, 39.9476530479607),87346.185922398
"51",51,"Collingdale","Route 102 Trolley","SEPTA","Trolley","Trolley",0,13593.4811683851,23490.9538543183,0,2052.33110198062,0,593335.250087403,313523.652299243,4831.54645120484,0,27847.5693484849,0,c(-75.2809518427899, 39.9103448188627),32679.1157996898
"52",52,"Paper Mill Road","Route 101 Trolley","SEPTA","Trolley","Trolley",0,0,4615.70250029659,0,0,0,90712.8890226514,316157.674394202,10683.0182155648,0,1006509.41910832,0,c(-75.3579014970943, 39.9153697519158),1017192.43732389
"53",53,"Wynnefield Avenue","Cynwyd Line","SEPTA","SEPTA_RR","Regional_Rail",0,2470.33955955414,17355.013633324,0,0,0,420232.297399915,429676.4920282,2279.01989620939,0,24048.1439300475,0,c(-75.2256715258181, 39.9901518656402),26327.1638262569
"54",54,"49th Street","Media/Elwyn Line","SEPTA","SEPTA_RR","Regional_Rail",0,38664.959877346,22574.284877915,0,0,0,1064572.91805996,0,37709.8752714638,0,0,5679.44589289732,c(-75.2164938704914, 39.9436249353026),43389.3211643611
"55",55,"Daylesford","Paoli/Thorndale Line","SEPTA","SEPTA_RR","Regional_Rail",0,0,3087.59377001889,4464.09403631151,0,0,52005.7306674745,1318411.77462123,0,5394.45073532064,84340.3101218043,0,c(-75.4606083275172, 40.0429468780979),89734.7608571249
"56",56,"Torresdale","Trenton Line","SEPTA","SEPTA_RR","Regional_Rail",0,2379.26716179962,118382.370438786,13357.0208400842,0,0,410387.143627368,347853.854080647,11405.0665525107,0,195166.295397992,0,c(-74.9844980943116, 40.0544313252711),206571.361950503
"57",57,"Marcus Hook","Wilmington/Newark Line","SEPTA","SEPTA_RR","Regional_Rail",0,7435.90068751166,18517.7347218753,6150.17720528522,2288.20738261925,0,342937.214767061,143312.025420365,132126.676019756,0,43175.6161427591,0,c(-75.4196013004024, 39.8216251341399),175302.292162515
"58",58,"Wister","Chestnut Hill East Line","SEPTA","SEPTA_RR","Regional_Rail",0,30971.5080055269,228234.425260321,3076.10779211461,665.882273060107,0,659956.43193759,135384.338421995,45064.4792809935,11110.6099430707,297851.517456606,3772.18023819364,c(-75.1615084335181, 40.0361871516796),357798.786918863
"59",59,"Thomson Avenue","Route 101 Trolley","SEPTA","Trolley","Trolley",0,0,91355.956036405,0,0,0,112942.056446877,937941.196473109,10683.0182155648,0,270291.63351194,0,c(-75.3454506376596, 39.9211186154995),280974.651727505
"60",60,"Beatty Road","Route 101 Trolley","SEPTA","Trolley","Trolley",0,2004.32695007885,0,1894.04666992353,0,0,122223.764263535,1265863.59533329,12618.5738964439,5365.3988129955,37950.5764815726,0,c(-75.3769147970218, 39.9161786467331),55934.549191012
"61",61,"North Street","Route 102 Trolley","SEPTA","Trolley","Trolley",0,3360.58057968474,31613.6418231854,0,0,0,459190.371494813,821114.548142055,12130.1896728987,0,26436.5206282282,0,c(-75.2855787313057, 39.9176696595307),38566.7103011269
"62",62,"Ryers","Fox Chase Line","SEPTA","SEPTA_RR","Regional_Rail",0,41307.5102995349,6324.34763850657,2152.86155647424,0,0,805792.251238767,410689.779158468,15121.2512984912,25850.7595525087,56134.8788190322,0,c(-75.0867418557019, 40.0636635068456),97106.8896700322
"63",63,"Hamilton","Northeast Corridor","NJ Transit","NJT_NEC","Regional_Rail",0,0,0,83781.4429270672,6156.03426958363,0,45159.7941356642,243397.937698708,124500.047182851,53103.5694270978,483695.985430488,0,c(-74.704050946452, 40.2553574702933),661299.602040437
"64",64,"Swarthmore","Media/Elwyn Line","SEPTA","SEPTA_RR","Regional_Rail",0,9579.02682597617,442649.216657835,10812.1916531571,0,0,39451.7527659717,688614.77170322,14364.1247522564,23471.5712843185,602585.44921122,1628.46413646568,c(-75.3508923413999, 39.9023331819648),642049.60938426
"65",65,"Drexeline","Route 101 Trolley","SEPTA","Trolley","Trolley",0,0,21081.5268283646,2271.22747835077,1598.12384870665,0,174736.122187229,836479.908149628,994.523323100526,0,385255.904238191,0,c(-75.321462017155, 39.9448409879783),386250.427561291
"66",66,"Paoli","Paoli/Thorndale Line","SEPTA","SEPTA_RR","Regional_Rail",0,1812.16335110787,40700.5524397551,15797.611546085,0,0,173432.87369647,886067.183632474,15273.4311609944,7939.82211825088,418024.680346563,0,c(-75.4837576758152, 40.0429565479762),441237.933625808
"67",67,"Allegheny","Manayunk/Norristown Line","SEPTA","SEPTA_RR","Regional_Rail",0,40307.3769653249,40276.8659968533,0,2758.91105958746,0,837234.184945148,2105.23689114123,87351.7803073748,9928.11823277829,20838.8570486582,0,c(-75.165255482517, 40.003788771253),118118.755588811
"68",68,"Burlington South","RiverLine","NJ Transit","NJT_Riverline","Light_Rail",0,0,21969.0573922826,15102.4366518831,0,0,136699.681630964,318424.884685161,154562.055310166,0,11803.5921442601,0,c(-74.8690032909924, 40.0745803768005),166365.647454426
"69",69,"Holmesburg Junction","Trenton Line","SEPTA","SEPTA_RR","Regional_Rail",0,735.338006888067,17507.9423797045,4234.53091813687,2072.53957242805,0,338986.84538907,28441.0643494244,60538.7797714071,9287.14653322259,136538.031365957,0,c(-75.0238556833839, 40.0326493129511),206363.957670587
"70",70,"Airport Terminal E & F","Airport Line","SEPTA","SEPTA_RR","Regional_Rail",0,0,0,0,0,0,0,0,159107.850219837,0,0,0,c(-75.2400740585364, 39.8790205396976),159107.850219837
"71",71,"Hamilton Avenue","RiverLine","NJ Transit","NJT_Riverline","Light_Rail",0,60890.3151710859,14142.9341533613,16160.0507557725,0,0,681262.302725905,0,49693.4924757774,8204.41347134983,7270.52312607147,0,c(-74.7558067525938, 40.2119610020886),65168.4290731987
"72",72,"Secane","Media/Elwyn Line","SEPTA","SEPTA_RR","Regional_Rail",0,1226.80393508677,0,3673.87036564295,0,0,185501.297804875,1272865.2021944,9458.47504272945,0,221786.591567836,6569.42615938087,c(-75.3098469609155, 39.9157529909183),237814.492769946
"73",73,"Tulpehocken","Chestnut Hill West Line","SEPTA","SEPTA_RR","Regional_Rail",0,4556.66968112421,46317.5877675302,1820.67452595275,0,0,721997.87717177,301463.73201807,12767.7903786831,0,267362.305429542,1206.21069175216,c(-75.1869409635893, 40.0351218573737),281336.306499977
"74",74,"Penn Street","Route 102 Trolley","SEPTA","Trolley","Trolley",16804.2691290592,11910.0324029333,8122.68796886707,8850.32967923393,0,0,611944.958545664,459063.778035992,18755.0000831241,11943.3646581931,195200.968807677,0,c(-75.2920269314694, 39.9287727293681),225899.333548994
"75",75,"Bridesburg","Trenton Line","SEPTA","SEPTA_RR","Regional_Rail",0,3232.3075484552,151161.184456849,8621.22110238333,9049.23896469001,0,580696.650916865,0,8144.86061598328,8168.72258805595,2187.01438048725,0,c(-75.0698758587585, 40.0107133388728),18500.5975845265
"76",76,"Florence","RiverLine","NJ Transit","NJT_Riverline","Light_Rail",0,0,0,28606.1722881886,0,0,0,38061.3688016464,144155.650454245,254432.711663363,266284.516551063,440816.283212435,c(-74.8050609110162, 40.0999904181669),1105689.16188111
"77",77,"University City","Glenside Combined","SEPTA","SEPTA_RR","Regional_Rail",0,2677.65315413225,468112.360886939,0,6619.00879230903,0,186124.388870919,0,9001.78957731604,48214.8894103783,10971.6930558814,2291.74185878575,c(-75.1903272729299, 39.9478370774942),70480.1139023614
"78",78,"Baltimore Pike","Route 102 Trolley","SEPTA","Trolley","Trolley",16804.2691290592,11910.0324029333,2643.52203254107,7510.48756548849,0,0,688423.906987315,278266.083465808,18755.0000831241,11943.3646581931,245413.237005221,0,c(-75.2928938770321, 39.9312440674099),276111.601746538
"79",79,"Drexel Manor","Route 102 Trolley","SEPTA","Trolley","Trolley",0,12977.3740086269,19115.1718421286,0,0,0,632081.314509341,703899.864951442,2047.13785851044,0,163768.729746394,0,c(-75.2965263505193, 39.9422654496444),165815.867604904
"80",80,"Delanco","RiverLine","NJ Transit","NJT_Riverline","Light_Rail",0,0,24970.3616429376,1729.30832466879,0,0,22930.5171795734,790035.21786419,35593.8270098564,0,20666.0010739314,153639.716607314,c(-74.950353871806, 40.0480861026422),209899.544691102
"81",81,"Cheltenham","Fox Chase Line","SEPTA","SEPTA_RR","Regional_Rail",0,41498.3074849421,3884.1289882484,154.058326122994,0,0,722929.816437153,410818.185738172,19989.1115651808,25850.7595525087,91977.8818417192,0,c(-75.0928488971988, 40.0578721071381),137817.752959409
"82",82,"School Avenue","Route 101 Trolley","SEPTA","Trolley","Trolley",0,15805.4038242898,24153.1195814696,0,0,0,184991.208389277,1172079.52768626,2047.13785851044,0,0,0,c(-75.2998919094764, 39.9487162333886),2047.13785851044
"83",83,"Curtis Park","Wilmington/Newark Line","SEPTA","SEPTA_RR","Regional_Rail",0,1331.36951072213,42320.6048673406,1816.09325030508,0,0,447950.417740228,243435.630529463,21394.8226750961,0,164115.529965952,0,c(-75.2650075455212, 39.9080271450374),185510.352641048
"84",84,"East Falls","Manayunk/Norristown Line","SEPTA","SEPTA_RR","Regional_Rail",0,62524.7924355161,83449.9191317608,2507.16794192734,0,0,560079.565699671,122666.597528368,40736.4529735335,2858.84781533666,168940.244389214,1555.7637653241,c(-75.1920638641925, 40.0114202863473),214091.308943408
"85",85,"Sharon Hill","Wilmington/Newark Line","SEPTA","SEPTA_RR","Regional_Rail",0,1331.36951072213,42320.6048673406,1816.09325030508,0,0,489218.790216026,467928.155416423,41887.1299482393,0,33044.7940668753,0,c(-75.271307933542, 39.9040961010429),74931.9240151146
"86",86,"Woodcrest","PATCO","PATCO","PATCO","Transit_Rail",0,0,0,98442.5179947789,0,0,0,561982.625005833,67427.8033872777,0,979775.502979739,0,c(-75.0112182075294, 39.8701872647109),1047203.30636702
"87",87,"Wissahickon Transportation Center","Manayunk/Norristown Line","SEPTA","SEPTA_RR","Regional_Rail",0,2797.7188964671,12196.0487172611,5966.79041310523,0,0,522775.664592106,17212.3052441889,12244.1109298826,41273.8257219491,179271.72290545,0,c(-75.2101994268727, 40.0165622628243),232789.659557282
"88",88,"Norwood","Wilmington/Newark Line","SEPTA","SEPTA_RR","Regional_Rail",0,13009.8725313222,39593.7299662292,3710.0617308484,1152.10271249194,0,422571.43099798,892944.630197547,13325.0391188271,0,13879.0427701009,0,c(-75.3021122909862, 39.8912409507965),27204.081888928
"89",89,"Lawndale","Fox Chase Line","SEPTA","SEPTA_RR","Regional_Rail",0,24666.4972786599,7261.43874471203,0,0,0,516742.785603818,426667.462845391,19989.1115651808,0,192612.017456764,0,c(-75.1032156032883, 40.0513472545739),212601.129021945
"90",90,"Ardsley","Warminster Line","SEPTA","SEPTA_RR","Regional_Rail",0,7019.71465238885,0,1739.09823228864,0,0,47589.1863173664,1533466.35786127,2421.15732157991,0,95673.0325167478,0,c(-75.1531625733623, 40.1141682999249),98094.1898383277
"91",91,"Pennbrook","Lansdale/Doylestown Line","SEPTA","SEPTA_RR","Regional_Rail",0,0,47878.8316214244,2670.01665498798,0,0,329338.967332728,521414.812174471,53586.4935869643,47042.2430021201,289289.230194777,0,c(-75.2817189375933, 40.2301216413069),389917.966783862
"92",92,"Doylestown","Lansdale/Doylestown Line","SEPTA","SEPTA_RR","Regional_Rail",0,0,38087.588414258,7068.75905384753,0,0,216842.537120412,841976.126196399,9041.78240867227,4584.92722715767,6611.38119361796,3166.7511125252,c(-75.1308434309217, 40.3060224773667),23404.8419419731
"93",93,"Fortuna","Lansdale/Doylestown Line","SEPTA","SEPTA_RR","Regional_Rail",0,0,0,3199.55813246825,0,0,173606.84201899,1006589.22265801,13740.4432051558,1652.21972710273,254147.947989995,56821.2212506205,c(-75.2662882741686, 40.2595313745137),326361.832172874
"94",94,"Cynwyd","Cynwyd Line","SEPTA","SEPTA_RR","Regional_Rail",0,22292.7209353309,8638.53213193701,2594.39306517842,0,0,106640.940673679,1225424.01449113,0,0,15307.9791726504,0,c(-75.2318206965873, 40.0067721153283),15307.9791726504
"95",95,"Rydal","West Trenton Line","SEPTA","SEPTA_RR","Regional_Rail",0,0,0,1261.82564687648,0,0,42879.8950026106,1173652.17157446,71251.2955231802,0,290225.927059563,0,c(-75.1106682216159, 40.1074289089845),361477.222582743
"96",96,"Woodbourne","West Trenton Line","SEPTA","SEPTA_RR","Regional_Rail",0,0,0,21970.0041120879,0,0,220381.074220987,244765.062573742,48725.0479180998,4199.71356461833,670885.73162303,24048.2755620411,c(-74.8909075206796, 40.1908661008677),747858.76866779
"97",97,"Queen Lane","Chestnut Hill West Line","SEPTA","SEPTA_RR","Regional_Rail",0,4927.93035369171,106385.539062576,3866.93969673849,0,0,914907.691031934,132844.244481373,2039.40444012485,10791.6314033194,100683.982194847,5226.20451145112,c(-75.1780590854573, 40.0232858662222),118741.222549742
"98",98,"Burlington Town Centre","RiverLine","NJ Transit","NJT_Riverline","Light_Rail",0,46732.0937947294,48104.9674435272,14131.1754607259,0,0,433759.068647847,154153.242512098,57726.745205266,0,6591.42951931492,0,c(-74.8594258401675, 40.0773377581739),64318.1747245809
"99",99,"Folcroft","Wilmington/Newark Line","SEPTA","SEPTA_RR","Regional_Rail",0,4884.9428973024,1661.01878315309,1814.51163029711,2052.33110198062,0,515747.862755602,591041.015328127,13110.8786152989,0,129312.513488606,0,c(-75.2798731814462, 39.9005091737502),142423.392103905
"100",100,"Gladstone","Media/Elwyn Line","SEPTA","SEPTA_RR","Regional_Rail",16804.2691290592,2221.54925720688,2643.52203254107,4128.29062617982,859.765422398896,0,310341.881154217,732832.182260023,27835.0225689567,11943.3646581931,432669.009355299,0,c(-75.2821229247406, 39.932763014512),472447.396582448
"101",101,"Magnolia Avenue","Route 102 Trolley","SEPTA","Trolley","Trolley",0,1301.62826424942,14863.1037888023,0.001220664917684,0,0,387370.42069992,1024336.956614,12130.1896728987,0,26436.5206282282,0,c(-75.2868012048757, 39.9193840370317),38566.7103011269
"102",102,"12th-13th & Locust Street","PATCO","PATCO","PATCO","Transit_Rail",0,110577.568549125,69148.5300399967,497.313882228068,0,26162.2330918688,555516.101571492,0,2612.49413678054,16704.2286397065,0,858.230947091162,c(-75.1614769057329, 39.9477101554889),20174.9537235782
"103",103,"Media","Media/Elwyn Line","SEPTA","SEPTA_RR","Regional_Rail",0,32268.3265458104,9313.39541189142,8705.1061758122,0,0,228980.440403655,532010.881426997,0,9313.53881911842,439334.505001097,0,c(-75.3946909704874, 39.9142548950852),448648.043820215
"104",104,"Edgmont Street","Route 101 Trolley","SEPTA","Trolley","Trolley",0,34272.6534958893,17744.6428559876,1894.04666992353,0,0,412029.076840084,565424.73018038,14607.193898202,9313.53881911842,36956.5259128136,0,c(-75.3856449802636, 39.917395402758),60877.2586301341
"105",105,"Temple University","SEPTA Main Line","SEPTA","SEPTA_RR","Regional_Rail",0,3444.98394691964,326550.748571875,0,0,3985.27571240156,687926.089977367,0,175880.279874763,3468.56278857512,0,3628.10181744323,c(-75.1494334836606, 39.9816587931903),182976.944480781
"106",106,"Downingtown","Paoli/Thorndale Line","SEPTA","SEPTA_RR","Regional_Rail",0,0,16390.326590802,11554.915036364,587.387826066785,0,366234.823584149,283194.669700711,85477.9942239663,0,339362.262175533,0,c(-75.7105783053713, 40.0020769932521),424840.256399499
"107",107,"Eastwick","Airport Line","SEPTA","SEPTA_RR","Regional_Rail",0,0,60380.7177977242,0,0,0,138542.449546943,47088.7862351527,526086.460298857,0,261816.924058467,48694.9057854337,c(-75.2449554155642, 39.891690109535),836598.290142757
"108",108,"North Philadelphia","Trenton Line","SEPTA","SEPTA_RR","Regional_Rail",0,18245.1857168211,32580.967125122,12254.9600656645,1518.06673843067,0,736418.269523504,0,149006.385453881,19967.8613623735,35079.6286443147,24528.6212636176,c(-75.155323765664, 39.9972649118541),228582.496724186
"109",109,"Mount Airy","Chestnut Hill East Line","SEPTA","SEPTA_RR","Regional_Rail",0,18614.384504963,45627.3396410677,1133.35779913492,0,0,657178.196833017,477577.780819738,46515.2567635299,0,134711.843065995,0,c(-75.1910746052427, 40.0652757644314),181227.099829525
"110",110,"Germantown","Chestnut Hill East Line","SEPTA","SEPTA_RR","Regional_Rail",0,39580.8425304178,104381.158955999,4807.85018548621,665.882273060107,0,794684.333922237,119667.681482982,43436.2743149827,0,65984.6239047039,6412.50683232153,c(-75.1719277258105, 40.0378573216115),115833.405052008
"111",111,"Morton","Media/Elwyn Line","SEPTA","SEPTA_RR","Regional_Rail",0,1548.31905097465,0,1088.18414651027,0,0,122221.309841669,958334.049324151,6441.71294110196,10408.4727591475,99900.9982667759,0,c(-75.3284815302353, 39.9080064695983),116751.183967025
"112",112,"Springfield Road","Route 102 Trolley","SEPTA","Trolley","Trolley",0,11910.0324029333,8122.68796886707,14471.9343999647,0,0,600968.466515383,511036.383413475,9046.14270190772,11943.3646581931,92911.6284782417,0,c(-75.2926768340673, 39.9273709393113),113901.135838342
"113",113,"30th Street Station","Atlantic City Line","NJ Transit","NJT_Atlantic","Regional_Rail",0,9073.03997837302,235246.470205923,32101.1167153272,2803.0592449827,3431.51245544771,234837.465904819,0,8963.80063782527,19894.9001162219,14133.5197049013,4097.36104085666,c(-75.1822544232518, 39.9566448020597),47089.5814998051
"114",114,"Sharon Hill","Route 102 Trolley","SEPTA","Trolley","Trolley",0,15669.3624406883,3666.90776747279,3126.18141864719,2052.33110198062,0,637668.477357919,397381.271746159,4457.12372251782,0,47241.0192588941,0,c(-75.2781123560687, 39.9066195987703),51698.1429814119
"115",115,"Wyndmoor","Chestnut Hill East Line","SEPTA","SEPTA_RR","Regional_Rail",0,38498.140182082,11017.9437084842,1868.7255533717,0,3729.58356836896,548862.25041167,765307.351263125,45827.8928383031,5196.63281101271,108997.411264046,0,c(-75.1968747875872, 40.073543792007),160021.936913361
"116",116,"Fern Rock Transportation Center","Glenside Combined","SEPTA","SEPTA_RR","Regional_Rail",0,55848.9437237436,44534.42193171,25249.1211396358,0,0,843073.776575992,124652.035533768,1340.9294081026,0,38621.4602156846,0,c(-75.1348019593153, 40.0410240018902),39962.3896237872
"117",117,"Manchester Avenue","Route 101 Trolley","SEPTA","Trolley","Trolley",0,25682.5730459028,9313.39541189142,1894.04666992353,0,0,286734.529570166,664596.922401942,12618.5738964439,5365.3988129955,41994.421886386,0,c(-75.3828502974128, 39.9170167648889),59978.3945958254
"118",118,"St. Davids","Paoli/Thorndale Line","SEPTA","SEPTA_RR","Regional_Rail",0,6299.68299939288,100965.071261134,5351.56484234136,0,0,163188.214626931,1204347.20971846,0,0,0,0,c(-75.3734362440179, 40.0440953527898),0
"119",119,"Overbrook","Paoli/Thorndale Line","SEPTA","SEPTA_RR","Regional_Rail",0,4351.52162528495,421793.228697104,6564.49492562734,0,0,276219.950669422,820807.801642735,1024.42274591253,0,37276.9116514493,0,c(-75.2498430999964, 39.9898840813711),38301.3343973619
"120",120,"Elwyn","Media/Elwyn Line","SEPTA","SEPTA_RR","Regional_Rail",0,0,424120.055469784,11167.4522191736,0,0,0,1099528.61324323,0,0,607998.947151812,202589.409287703,c(-75.4111576470045, 39.9078521407971),810588.356439515
"121",121,"Saxer Avenue","Route 101 Trolley","SEPTA","Trolley","Trolley",0,0,38230.5826237073,1108.4043182111,0,0,141074.551579712,1214970.70212781,0,0,34807.4793566113,0,c(-75.3335501213866, 39.9287470053967),34807.4793566113
"122",122,"Somerton","West Trenton Line","SEPTA","SEPTA_RR","Regional_Rail",0,6457.93852595772,16283.290884767,12743.9231535966,0,0,278796.71135966,866733.883856337,22473.0881598283,5701.24208059968,104751.224813231,0,c(-75.0120496326368, 40.1306248554454),132925.555053659
"123",123,"Drexelbrook","Route 101 Trolley","SEPTA","Trolley","Trolley",0,2777.29326980477,18684.5884132486,0,0,0,455900.959349344,686577.024196051,11555.8583336412,0,410683.323358244,0,c(-75.3159917531798, 39.9471760639275),422239.181691885
"124",124,"Riverton","RiverLine","NJ Transit","NJT_Riverline","Light_Rail",0,12367.2727275164,5988.53975544244,1995.87175206989,0,0,21407.287168497,1270245.02795096,23579.1848020456,0,37912.0354554644,0,c(-75.0130562743832, 40.0089333300092),61491.2202575099
"125",125,"Allen Lane","Chestnut Hill West Line","SEPTA","SEPTA_RR","Regional_Rail",0,19012.6846842782,58572.8871876396,3284.55617768205,0,0,645591.162655434,369267.898149481,22029.0318921346,0,350757.620642,0,c(-75.1949197447508, 40.0574664871781),372786.652534135
"126",126,"Colmar","Lansdale/Doylestown Line","SEPTA","SEPTA_RR","Regional_Rail",0,0,0,11722.2117591539,0,0,108243.58800234,566294.355342784,28807.6828558109,94403.3828881946,517960.335947377,0,c(-75.2540989298926, 40.2684785002013),641171.401691382
"127",127,"North Hills","Lansdale/Doylestown Line","SEPTA","SEPTA_RR","Regional_Rail",0,20265.7914881803,0,4709.6161076291,0,0,98395.4085287226,908446.253502729,5519.74409378696,1352.40481676291,51720.0323119102,0,c(-75.1695149116296, 40.1120890332555),58592.1812224601
"128",128,"Melrose Park","Glenside Combined","SEPTA","SEPTA_RR","Regional_Rail",0,9281.12875051269,9243.44892119187,7057.65991974687,0,0,220557.613421142,1256498.87665458,937.679616866592,0,23057.844137531,0,c(-75.1291211117549, 40.0594990195062),23995.5237543976
"129",129,"Fort Washington","Lansdale/Doylestown Line","SEPTA","SEPTA_RR","Regional_Rail",0,11509.1693046435,98417.7070292753,18450.9156031009,2231.47787618849,0,93442.2987743023,444604.733955673,22003.7254572813,7960.12333820054,544825.870993225,15633.740671317,c(-75.2114604333613, 40.1352668159931),590423.460460024
"130",130,"Roslyn","Warminster Line","SEPTA","SEPTA_RR","Regional_Rail",0,8898.69467070432,117981.701201021,2587.97775466003,0,0,81917.198817298,847574.26825944,0,0,44751.9337104449,0,c(-75.134218245698, 40.1208463650906),44751.9337104449
"131",131,"Haverford","Paoli/Thorndale Line","SEPTA","SEPTA_RR","Regional_Rail",0,3019.55929089359,78078.5739758132,7851.77394719913,0,0,256268.453641001,957087.182861346,2090.81328035556,0,53990.6367836856,0,c(-75.300070366368, 40.0140201578383),56081.4500640412
"132",132,"Bryn Mawr","Paoli/Thorndale Line","SEPTA","SEPTA_RR","Regional_Rail",0,17854.976122559,409844.823980348,10482.3974489045,0,0,276114.257353009,239127.139610463,18343.9691559835,8444.14519874294,12206.1281249501,0,c(-75.3158781591726, 40.0219106066859),38994.2424796765
"133",133,"Bethayres","West Trenton Line","SEPTA","SEPTA_RR","Regional_Rail",0,6339.06479163867,0,8409.31892077857,0,0,56137.458554466,633028.863594418,155201.088444298,0,310945.273883362,12855.5771861868,c(-75.0687225369709, 40.1165348801575),479001.939513847
"134",134,"Yardley","West Trenton Line","SEPTA","SEPTA_RR","Regional_Rail",0,0,4408.62303031955,8714.90469652493,0,0,170207.652347669,725759.428167585,9436.58502915146,0,289992.922463491,0,c(-74.8309532772781, 40.235058931971),299429.507492643
"135",135,"Bristol","Trenton Line","SEPTA","SEPTA_RR","Regional_Rail",0,2734.27337101248,24303.5029327529,9591.58885355928,0,0,499926.621843775,123324.365470172,63983.9690392894,6046.78399173794,31072.5214916946,1639.79724543246,c(-74.8546415502134, 40.1050370332687),102743.071768154
"136",136,"Willow Grove","Warminster Line","SEPTA","SEPTA_RR","Regional_Rail",16099.4580141977,52834.5241655974,3328.50927606086,7197.1888383369,0,0,118594.063789888,649449.485698514,9735.75972451943,0,74147.1097590104,0,c(-75.1143707015032, 40.1436933450465),83882.8694835298
"137",137,"Spring Mill","Manayunk/Norristown Line","SEPTA","SEPTA_RR","Regional_Rail",0,0,0,5233.50500736894,0,0,144950.169170124,368486.763620101,18557.687802945,0,909240.305528524,0,c(-75.2860655128276, 40.0742262097581),927797.993331469
"138",138,"Penllyn","Lansdale/Doylestown Line","SEPTA","SEPTA_RR","Regional_Rail",0,0,0,2243.03586130963,0,0,112774.992846741,892410.471794573,37490.9372457661,0,275985.784517243,13730.8145281438,c(-75.243948708035, 40.1697032796067),327207.536291153
"139",139,"Hatboro","Warminster Line","SEPTA","SEPTA_RR","Regional_Rail",0,26905.1999884405,0,3432.15771165907,0,0,124612.81286321,1019879.25309861,4651.71856379974,8276.25724532472,23620.7662249336,0,c(-75.1025405134848, 40.1764188435083),36548.7420340581
"140",140,"Croydon","Trenton Line","SEPTA","SEPTA_RR","Regional_Rail",0,2865.88458798096,4588.2210703538,8165.07942585183,0,0,9253.82522967143,1112642.95527757,71261.1820515805,0,224268.878768551,0,c(-74.9065754767239, 40.0935753712523),295530.060820132
"141",141,"Conshohocken","Manayunk/Norristown Line","SEPTA","SEPTA_RR","Regional_Rail",0,19428.8267749941,6942.81701036833,4393.91719680486,1223.04793343177,0,401594.779403326,225574.409930604,28641.8451946286,4410.22565322508,143410.713138168,0,c(-75.3086703561672, 40.072137849581),176462.783986022
"142",142,"Lansdale","Lansdale/Doylestown Line","SEPTA","SEPTA_RR","Regional_Rail",0,10653.3223590292,0,17066.5744676533,0,0,790056.383821163,169815.018600359,16130.9157480451,0,23933.1954493018,0,c(-75.2853402549124, 40.2430469221092),40064.111197347
"143",143,"Main Street","Manayunk/Norristown Line","SEPTA","SEPTA_RR","Regional_Rail",0,97475.1599857183,6357.72885182984,24091.1875332519,2691.09352367554,0,549366.859739027,0,17933.6916616244,0,140068.223585013,0,c(-75.3486951367841, 40.1170586071177),158001.915246638
"144",144,"Norristown Transportation Center","Manayunk/Norristown Line","SEPTA","SEPTA_RR","Regional_Rail",0,96310.6736667014,6357.72885182984,20035.2097292558,2691.09352367554,0,284282.413660389,0,46819.9825857219,0,135521.576795265,0,c(-75.3440958678923, 40.1126950596238),182341.559380987
"145",145,"Elm Street","Manayunk/Norristown Line","SEPTA","SEPTA_RR","Regional_Rail",0,89501.7363322283,10160.1468249278,14261.9262150984,4311.28124064723,0,880220.183421988,30121.392427398,18213.8762205247,0,41797.0464512563,0,c(-75.3450604459392, 40.1208347077399),60010.922671781
"146",146,"Eddington","Trenton Line","SEPTA","SEPTA_RR","Regional_Rail",0,0,40047.4456658062,0,0,0,6540.98891823782,331358.27012499,89038.614078706,0,360426.324755431,1603.20173675434,c(-74.9337026820235, 40.0829936968348),451068.140570891
"147",147,"Chalfont","Lansdale/Doylestown Line","SEPTA","SEPTA_RR","Regional_Rail",0,0,7961.42302858079,4472.60765227445,0,0,149330.075272555,658968.656492341,104277.870235099,8423.0292266013,382389.60530673,26722.3565732056,c(-75.2107052485542, 40.2877589006188),521812.861341636
"148",148,"St. Martins","Chestnut Hill West Line","SEPTA","SEPTA_RR","Regional_Rail",0,19524.2444009142,33395.0058411456,2087.99820404004,0,0,182088.529876186,835972.600773061,8792.07190513007,18846.9253527696,163521.43199795,0,c(-75.2045807318016, 40.0657810284506),191160.42925585
"149",149,"Oakview","Route 102 Trolley","SEPTA","Trolley","Trolley",16804.2691290592,11091.9417270019,2643.52203254107,1130.03962217825,0,0,794197.196287017,277039.557173356,13892.6106448588,0,316917.429207852,0,c(-75.2951642285391, 39.9351442713189),330810.03985271
"150",150,"Pennsauken/Route 73","RiverLine","NJ Transit","NJT_Riverline","Light_Rail",0,0,0,22556.0762229158,2042.05119167704,0,0,21457.6323163874,89428.7316348367,0,224384.520360917,0,c(-75.0391218180286, 39.9934255507418),313813.251995754
"151",151,"Manayunk","Manayunk/Norristown Line","SEPTA","SEPTA_RR","Regional_Rail",0,43364.6433297726,8628.59946983833,1720.28361368762,0,0,672622.469315775,78474.2565995242,32919.4549424548,0,210634.206937249,1677.42517040156,c(-75.2249181360517, 40.0267715365761),245231.087050106
"152",152,"City Hall","PATCO","PATCO","PATCO","Transit_Rail",0,37237.6365509804,148256.714881136,21267.656190184,9163.34115456577,11424.5564604125,305614.795101061,471.252666212156,95484.0271116042,34196.5121279885,0,0,c(-75.121006026308, 39.9456608390993),129680.539239593
"153",153,"Exton","Paoli/Thorndale Line","SEPTA","SEPTA_RR","Regional_Rail",0,0,18551.3138503364,25810.8073483033,0,0,490179.0184221,174757.380036976,12059.6843614265,19675.70615829,927011.014514142,0,c(-75.621757244531, 40.0194311797044),958746.405033858
"154",154,"Drexel Hill Junction","Route 101 & 102 Trolley Lines","SEPTA","Trolley","Trolley",0,9914.04287933751,19115.1718421286,0,0,0,405443.912510655,1044854.8001233,2740.1156155509,0,0,0,c(-75.2926884791925, 39.9470590781891),2740.1156155509
"155",155,"Walnut Street","Route 101 & 102 Trolley Lines","SEPTA","Trolley","Trolley",0,51568.9364714562,26409.2664341381,8902.54325227362,719.457171323368,0,784757.072934233,275347.971780463,1914.15861956901,0,1999.85864293199,0,c(-75.2664972077188, 39.9588687558442),3914.017262501
"156",156,"Walter Rand Transportation Center","RiverLine","NJ Transit","NJT_Riverline","Light_Rail",0,42924.9459484827,135517.633937079,25818.6625220557,0,11424.5564604125,330686.946743184,471.252666212156,90133.7506931992,34196.5121279885,0,5149.8367974239,c(-75.1202999985787, 39.9431661158942),129480.099618612
"157",157,"Upsal","Chestnut Hill West Line","SEPTA","SEPTA_RR","Regional_Rail",0,8867.64643818332,30295.903247332,308.615052590955,0,0,716279.685325272,720572.024569691,9485.1259563208,0,66945.2633508218,0,c(-75.1902049917402, 40.0424130271144),76430.3893071426
"158",158,"Chestnut Hill West","Chestnut Hill West Line","SEPTA","SEPTA_RR","Regional_Rail",0,46176.7875492622,45967.6152329765,12240.6952962402,0,3729.58356836896,317686.911631992,999404.34153757,3397.14840165023,5196.63281101271,14600.4291333651,0,c(-75.2084931095627, 40.076241404632),23194.2103460281
"159",159,"Beverly/Edgewater Park","RiverLine","NJ Transit","NJT_Riverline","Light_Rail",0,9875.01139907374,33144.8340397339,6969.56717405393,0,0,49306.1899559193,991801.401486632,17117.3231422514,0,110361.708569202,0,c(-74.9151576155687, 40.0611629513516),127479.031711453
"160",160,"Thorndale","Paoli/Thorndale Line","SEPTA","SEPTA_RR","Regional_Rail",15977.2574652773,0,0,15370.046683146,0,0,182279.318553979,468949.645149537,61837.6791039628,71434.4143136486,339270.560907734,0,c(-75.7628964206018, 39.9927722189281),472542.654325345
"161",161,"Westmont","PATCO","PATCO","PATCO","Transit_Rail",0,8275.28808134107,11004.1563102875,31070.2071634921,3102.84341033381,0,151693.230535262,1243870.7264582,27138.9851100453,1262.48130492277,55909.2688814491,0,c(-75.0467924235311, 39.9071580956222),84310.7352964172
"162",162,"Wayne","Paoli/Thorndale Line","SEPTA","SEPTA_RR","Regional_Rail",0,20467.4736918446,93825.0387222794,5452.72609707561,0,0,196441.650965946,1015134.37611487,0,0,0,0,c(-75.3872111851034, 40.0458389426194),0
"163",163,"Clifton-Aldan","Route 102 Trolley","SEPTA","Trolley","Trolley",0,11910.0324029333,8122.68796886707,10186.0671675299,0,0,479412.897271217,807352.517371541,10345.8964196101,11943.3646581931,69231.7682744654,0,c(-75.2900441202561, 39.9255059221321),91521.0293522686
"164",164,"30th Street Station","SEPTA Main Line","SEPTA","SEPTA_RR","Regional_Rail",0,9073.03997837302,235246.470205923,32101.1167153272,2803.0592449827,3431.51245544771,234837.465904819,0,8963.80063782527,19894.9001162219,14133.5197049013,4097.36104085666,c(-75.1822544232566, 39.9566448038617),47089.5814998051
"165",165,"Lindenwold","PATCO","PATCO","PATCO","Transit_Rail",0,1388.38917677122,41022.2107801892,117644.806200775,0,0,17392.2838669684,625240.883129857,80665.1381949767,3475.52983961173,163993.668290934,0,c(-75.0005070939718, 39.8338429471326),248134.336325523
"166",166,"Ashland","PATCO","PATCO","PATCO","Transit_Rail",0,0,27276.2300406418,59516.6616164717,0,0,75762.6547879777,974037.940046777,5845.64119404265,5730.26844731394,300019.62843251,0,c(-75.0091871782374, 39.8587101844147),311595.538073867
"167",167,"West Trenton","West Trenton Line","SEPTA","SEPTA_RR","Regional_Rail",0,0,193117.994834146,2482.90166310003,0,0,76232.8200334311,294879.576456664,268880.027349086,0,74227.7612087843,1142838.34268612,c(-74.8154936827851, 40.2573167700143),1485946.13124399
"168",168,"Radnor","Paoli/Thorndale Line","SEPTA","SEPTA_RR","Regional_Rail",0,0,99289.124826877,4749.23397838445,0,0,0,351867.668416521,2007.23985861269,0,307114.720846329,0,c(-75.359459822422, 40.0447356011752),309121.960704942
"169",169,"Gravers Lane","Chestnut Hill East Line","SEPTA","SEPTA_RR","Regional_Rail",0,52750.0160812783,16363.381217879,13103.6259515659,0,3729.58356836896,509163.229626898,814923.045529937,8104.70797990324,5196.63281101271,33393.61429405,0,c(-75.2018377552003, 40.0774747943657),46694.955084966
"170",170,"Washington Lane","Chestnut Hill East Line","SEPTA","SEPTA_RR","Regional_Rail",0,5396.08538068916,66539.3925568232,2181.47554315425,0,0,801207.750460034,244236.58460694,7678.58618955754,0,40289.4981615111,29920.9912757234,c(-75.171572503179, 40.0511080390636),77889.075626792
"171",171,"Villanova","Paoli/Thorndale Line","SEPTA","SEPTA_RR","Regional_Rail",0,0,497239.185377971,4757.34261231709,0,0,0,937218.570212894,10939.790984703,0,25359.0252064345,0,c(-75.3422972542815, 40.0386474247205),36298.8161911374
"172",172,"Chestnut Hill East","Chestnut Hill East Line","SEPTA","SEPTA_RR","Regional_Rail",0,35952.0617074226,34901.7301711675,12240.6952962402,0,0,173133.610301446,928375.698076151,47379.5379513995,0,136076.055986571,0,c(-75.2073275125802, 40.0810414876024),183455.593937971
"173",173,"Huey Avenue","Route 101 Trolley","SEPTA","Trolley","Trolley",0,13037.3893706861,19115.1718421286,0,0,0,250760.734854227,1241917.59691895,2047.13785851044,0,0,0,c(-75.2977587658878, 39.9475513430203),2047.13785851044
"174",174,"Hilltop Road","Route 101 & 102 Trolley Lines","SEPTA","Trolley","Trolley",0,14188.3552398488,75331.180715347,0,562.185995371903,0,603279.532932756,549270.130292782,3786.39743460966,0,140760.432486712,0,c(-75.272911646468, 39.9559157492765),144546.829921322
"175",175,"15th-16th & Locust Street","PATCO","PATCO","PATCO","Transit_Rail",0,122685.102065372,59092.1328944126,0,0,20203.0071712847,647197.248583023,0,4066.88139561886,27547.3658461184,0,0,c(-75.167011633255, 39.9483796331158),31614.2472417372
"176",176,"Primos","Media/Elwyn Line","SEPTA","SEPTA_RR","Regional_Rail",0,2489.51354173622,22858.455851121,6961.44683447623,0,0,351870.550913187,850202.25553911,37820.506820983,0,46005.2170882919,0,c(-75.2982074114841, 39.9217632512401),83825.723909275
"177",177,"Riverside","RiverLine","NJ Transit","NJT_Riverline","Light_Rail",0,11763.8069257065,20363.9179677997,13359.7673621979,0,0,126972.180780075,544687.434872516,227747.428847644,1634.87417338601,133773.098311988,1651.29452453545,c(-74.9588839405631, 40.0392499907398),364806.695857554
"178",178,"Eddystone","Wilmington/Newark Line","SEPTA","SEPTA_RR","Regional_Rail",33440.1605345333,906.972648667205,14819.9807579316,9682.28180666866,0,0,290649.976730159,13102.9099966005,108642.72383766,0,116807.671713736,0,c(-75.3417195857348, 39.8573852620982),225450.395551396
"179",179,"Springfield Mall","Route 101 Trolley","SEPTA","Trolley","Trolley",0,0,38679.2776316459,0,0,0,84565.5488458121,662243.057005264,10683.0182155648,0,110404.713851387,0,c(-75.3489838571782, 39.9181271135087),121087.732066952
"180",180,"Bartram Avenue","Route 102 Trolley","SEPTA","Trolley","Trolley",0,11762.2131803529,23490.9538543183,0,0,0,537220.913735652,605087.700517332,10803.2931910519,0,0,0,c(-75.284221773282, 39.9146020681153),10803.2931910519
"181",181,"Chelten Avenue","Chestnut Hill West Line","SEPTA","SEPTA_RR","Regional_Rail",0,14576.308327024,97843.9399811456,4936.67534960772,0,0,907569.048782208,70198.4089270397,5949.97052267547,10791.6314033194,118305.002645813,4521.80713657762,c(-75.181142975307, 40.02998032659),139568.411708385
"182",182,"Devon","Paoli/Thorndale Line","SEPTA","SEPTA_RR","Regional_Rail",0,0,0,8847.76327860362,0,0,37615.1635747003,1204939.05343949,8696.36949300079,0,38323.0857636776,0,c(-75.4229728645162, 40.0473692684261),47019.4552566784
"183",183,"Entertainment Center","RiverLine","NJ Transit","NJT_Riverline","Light_Rail",0,18401.0539625538,17749.4148362438,33047.4408418339,0,11424.5564604125,177951.405521922,471.252666212156,64371.8294158434,32679.6012047111,0,2500.92381641488,c(-75.1284937397272, 39.940882160981),99552.3544369694
"184",184,"Pine Ridge","Route 101 Trolley","SEPTA","Trolley","Trolley",0,0,0,0,0,0,0,1020665.04625743,0,0,304468.851043539,0,c(-75.3699715888525, 39.9149637251551),304468.851043539
"185",185,"Atco","Atlantic City Line","NJ Transit","NJT_Atlantic","Regional_Rail",0,0,0,7403.59934966454,57971.1553065628,0,0,317175.575145076,211610.797931053,0,738277.456128576,0,c(-74.9076090433716, 39.7835607189692),949888.254059629
"186",186,"Pennsauken Transit Center","Atlantic City Line","NJ Transit","NJT_Atlantic","Regional_Rail",0,1643.77086020844,16232.2901302995,12141.4279961973,0,0,7838.83160000734,338832.751502029,104732.92180933,0,254115.000286615,0,c(-75.0620036469332, 39.977897892543),358847.922095945
"187",187,"Airport Terminal C & D","Airport Line","SEPTA","SEPTA_RR","Regional_Rail",0,0,0,0,0,0,0,0,139572.592182624,0,0,0,c(-75.24165818739, 39.8773195956859),139572.592182624
"188",188,"North Philadelphia","Chestnut Hill West Line","SEPTA","SEPTA_RR","Regional_Rail",0,6808.8106426432,23875.8480359192,12254.9600656645,1518.06673843067,0,750294.521743179,0,143729.719058304,19967.8613623735,32387.6720864673,24528.6212636176,c(-75.1565853969623, 39.9972228980518),220613.873770762
"189",189,"Monroe Street","Route 101 Trolley","SEPTA","Trolley","Trolley",0,34272.6534958893,17744.6428559876,1894.04666992353,0,0,485908.983855354,520995.082019567,14607.193898202,9313.53881911842,49841.6091043329,0,c(-75.3876015022133, 39.9176671553935),73762.3418216533
"190",190,"Princeton Junction","Northeast Corridor","NJ Transit","NJT_NEC","Regional_Rail",0,0,0,143363.7643372,0,0,12206.5761577115,546203.796727218,128675.102522047,17084.2867458922,247970.913802293,0,c(-74.6241020354952, 40.3160270360558),393730.303070232
"191",191,"Bala","Cynwyd Line","SEPTA","SEPTA_RR","Regional_Rail",12759.6457175062,16882.4680362142,20813.8702044827,2594.39306517842,0,0,258574.218085438,651946.000084608,0,14205.0786715837,18027.4179614825,0,c(-75.2277475842303, 40.0010290668373),32232.4966330661
"192",192,"Penfield","Norristown High Speed Line","SEPTA","NHSL","Light_Rail",0,0,0,0,0,0,47292.0254853152,1244611.96973298,1264.64571864317,2386.41514125725,343916.453792582,0,c(-75.2839733273888, 39.980957415781),347567.514652482
"193",193,"Snyder","Broad Street Line","SEPTA","BSL","Transit_Rail",0,87110.1339494443,57628.4669804632,0,0,0,1322655.31826417,0,0,8183.07661762201,0,0,c(-75.1696942061899, 39.9243903260324),8183.07661762201
"194",194,"2nd Street","Market/Frankford Line","SEPTA","MFL","Transit_Rail",0,127839.4801489,2604.44275834319,0,1150.29118496028,7783.07540492856,260257.553227167,0,19154.5043776712,14724.8851762418,0,0,c(-75.1436651038184, 39.9498000937445),33879.389553913
"195",195,"Arrott Transportation Center","Market/Frankford Line","SEPTA","MFL","Transit_Rail",0,83005.8188586728,36233.1181264923,11119.2462248665,1006.67478358077,0,1048916.99234064,40635.5602711511,36399.7235404636,1475.96640080903,19690.884142468,0,c(-75.0838643214677, 40.0165954874797),57566.5740837406
"196",196,"Ellsworth-Federal","Broad Street Line","SEPTA","BSL","Transit_Rail",0,62279.2338022835,39553.3333667768,0,3102.3042454169,0,1096298.61009124,0,31524.4019570369,4781.32657557455,0,1830.70623989039,c(-75.1671274806111, 39.9362020741112),38136.4347725019
"197",197,"Tioga","Market/Frankford Line","SEPTA","MFL","Transit_Rail",0,38687.2099192845,45765.2443423337,0,593.741165995673,0,741601.181913291,0,28905.1584503146,0,5213.74898628599,0,c(-75.1063668388711, 40.0003621121859),34118.9074366006
"198",198,"Beverly Boulevard","Route 101 & 102 Trolley Lines","SEPTA","Trolley","Trolley",0,9061.31463239334,75331.180715347,0,562.185995371903,0,466134.791068316,605268.914989326,1872.23881504065,0,140760.432486712,0,c(-75.2746085051038, 39.9551075540453),142632.671301753
"199",199,"Wynnewood Road","Norristown High Speed Line","SEPTA","NHSL","Light_Rail",0,4547.70324243221,12576.8451861561,5269.7620584163,0,0,331085.520991211,1053496.65858314,0,0,129926.565712681,4384.08353104741,c(-75.2982859700071, 39.9934148686204),134310.649243729
"200",200,"Walnut-Locust","Broad Street Line","SEPTA","BSL","Transit_Rail",0,98156.5417985983,69148.5300399967,497.313882228068,0,24574.7347208757,541149.145650097,0,4066.88139561886,16704.2286397065,0,0,c(-75.1643903914436, 39.9487932893765),20771.1100353254
"201",201,"69th Street Transportation Center","Route 101 & 102 Trolley Lines","SEPTA","Trolley","Trolley",0,50518.1450587133,0,12074.0202173121,0,0,621452.134849314,42918.4401490524,0,2995.27988971883,362196.704572637,0,c(-75.2604280784944, 39.9621402412455),365191.984462356
"202",202,"Beechwood-Brookline","Norristown High Speed Line","SEPTA","NHSL","Light_Rail",0,0,2623.35566927713,0,0,0,36595.4570769457,1324379.09219345,1264.64571864317,0,254231.394142623,0,c(-75.2916180631025, 39.9865975739505),255496.039861267
"203",203,"Bryn Mawr","Norristown High Speed Line","SEPTA","NHSL","Light_Rail",0,15240.3535590212,110425.824580726,9518.1523907425,0,0,404949.015301118,778710.61696754,10541.4222002325,8444.14519874294,10367.1902466561,0,c(-75.3233467822585, 40.0179974728811),29352.7576456316
"204",204,"Garretford","Route 102 Trolley","SEPTA","Trolley","Trolley",0,12977.3740086269,19115.1718421286,0,0,0,553253.034095404,992935.341984294,2047.13785851044,0,0,0,c(-75.2958784130465, 39.9441116601262),2047.13785851044
"205",205,"Wallingford","Media/Elwyn Line","SEPTA","SEPTA_RR","Regional_Rail",0,0,40468.0542570134,1036.64342568863,0,0,7591.09240356354,1477084.72003139,0,0,177154.422186464,0,c(-75.371604872957, 39.903748040518),177154.422186464
"206",206,"Lansdowne Avenue","Route 101 & 102 Trolley Lines","SEPTA","Trolley","Trolley",0,6836.90038528006,84021.1911286027,0,0,0,183091.311283494,925585.90829069,2565.2165720811,0,135775.231888969,0,c(-75.2825217351093, 39.9516194909756),138340.44846105
"207",207,"Strafford","Paoli/Thorndale Line","SEPTA","SEPTA_RR","Regional_Rail",0,0,32737.6224480729,7321.87148705594,0,0,127760.523636088,1146510.69759333,20879.1197613577,0,3621.38385075904,0,c(-75.4037376309935, 40.0497124892663),24500.5036121168
"208",208,"Airport Terminal B","Airport Line","SEPTA","SEPTA_RR","Regional_Rail",0,0,0,0,0,0,0,0,278418.828522021,0,0,0,c(-75.244642626708, 39.8764224303288),278418.828522021
"209",209,"Scenic Road","Route 101 Trolley","SEPTA","Trolley","Trolley",0,0,21081.5268283646,2271.22747835077,1598.12384870665,0,40004.0039362202,1002792.23091491,19992.0938627371,2098.44558909175,457316.803615852,0,c(-75.3259511989564, 39.9408229835196),479407.34306768
"210",210,"Lindenwold","Atlantic City Line","NJ Transit","NJT_Atlantic","Regional_Rail",0,1388.38917677122,41022.2107801892,117644.806200775,0,0,17392.2838669684,625240.883129857,80665.1381949767,3475.52983961173,163993.668290934,0,c(-75.0005070939718, 39.8338429471326),248134.336325523
"211",211,"Aronimink","Route 101 Trolley","SEPTA","Trolley","Trolley",0,6459.22938561684,2170.81048223054,0,0,0,408175.291980285,1140740.39179561,10561.3350105407,0,11876.2696614887,0,c(-75.3060979923344, 39.9492715760739),22437.6046720294
"212",212,"Ridley Park","Wilmington/Newark Line","SEPTA","SEPTA_RR","Regional_Rail",21171.109380855,3583.65406039538,52753.5399573617,0,656.459093406081,0,253197.725210144,907020.693785612,19105.9308768104,0,144678.462466423,0,c(-75.3219289181663, 39.8806229863989),163784.393343234
"213",213,"Leamy Avenue","Route 101 Trolley","SEPTA","Trolley","Trolley",0,0,69475.6489845687,0,0,0,142324.678514951,1280955.33232162,0,0,202972.788246553,0,c(-75.3373095628468, 39.9262766674827),202972.788246553
"214",214,"Crum Lynne","Wilmington/Newark Line","SEPTA","SEPTA_RR","Regional_Rail",0,0,28918.6755220702,411.663301568008,0,0,278841.17487876,504847.30851107,108488.046707174,0,216433.834402417,0,c(-75.3309607991008, 39.8718702687561),324921.88110959
"215",215,"Springfield Road","Route 101 Trolley","SEPTA","Trolley","Trolley",0,0,21081.5268283646,3379.63179656188,0,0,44113.8376255484,1302437.32875156,0,2098.44558909175,271438.512916363,0,c(-75.329552395221, 39.9344883759268),273536.958505455
"216",216,"Marshall Road","Route 102 Trolley","SEPTA","Trolley","Trolley",0,12977.3740086269,11545.9591134922,0,0,0,750968.526980789,537678.518569893,2047.13785851044,0,264122.139082526,0,c(-75.2965024704956, 39.9402160542005),266169.276941037
"217",217,"Fairmount","Broad Street Line","SEPTA","BSL","Transit_Rail",0,40008.1169412296,141463.006716712,0,4220.99746049839,2868.40893472037,782105.716550187,0,111940.592848494,1694.96168608053,0,11945.8903493071,c(-75.1604148441801, 39.9670262278631),125581.444883881
"218",218,"Millbourne","Market/Frankford Line","SEPTA","MFL","Transit_Rail",0,19877.1435176465,20106.7964736449,6419.27902895484,0,0,577525.880704848,15562.375305682,84231.5416608633,2995.27988971883,469296.336477655,7435.05509121679,c(-75.2525542520918, 39.964463253446),563958.213119454
"219",219,"13th Street","Market/Frankford Line","SEPTA","MFL","Transit_Rail",0,152262.117649021,90948.2471536473,497.313882228068,0,29644.7733135887,201585.196406361,0,9390.54404380239,17481.1065282139,0,0,c(-75.1614364590705, 39.9521240667232),26871.6505720163
"220",220,"Spring Garden","Market/Frankford Line","SEPTA","MFL","Transit_Rail",0,70885.8111755566,6902.32705822071,0,11530.9368222119,18278.5123745287,307183.980334357,0,107530.964820734,33623.9894265294,0,1456.49003288966,c(-75.1403967271295, 39.9605421360047),142611.444280153
"221",221,"11th Street","Market/Frankford Line","SEPTA","MFL","Transit_Rail",0,139979.401060839,57393.3684467848,497.313882228068,0,26940.9558138747,222881.695777183,0,7694.5607295667,17481.1065282139,0,0,c(-75.1582579545831, 39.9516415186906),25175.6672577806
"222",222,"Radnor","Norristown High Speed Line","SEPTA","NHSL","Light_Rail",0,0,75253.5444681884,4749.23397838445,0,0,0,450726.806671104,12947.0308433156,12776.9995770566,356165.531018227,0,c(-75.3535872177084, 40.0420103971746),381889.561438599
"223",223,"56th Street","Market/Frankford Line","SEPTA","MFL","Transit_Rail",0,66097.3767016079,45148.2203336079,0,1738.27648205419,0,1135533.50729359,0,17709.5601994864,0,0,3892.42742801357,c(-75.2327992009275, 39.9609897258152),21601.9876274999
"224",224,"Matsonford","Norristown High Speed Line","SEPTA","NHSL","Light_Rail",0,0,0,598.194012157215,0,0,53066.6575343363,1344501.33145424,26453.4692459212,0,181169.885306169,0,c(-75.3394722031432, 40.058072010674),207623.35455209
"225",225,"Olney Transportation Center","Broad Street Line","SEPTA","BSL","Transit_Rail",0,17053.1030163091,154327.634967319,17812.6139952091,0,0,728484.36620261,2571.01494194942,6188.30219918257,0,80146.4727308605,0,c(-75.1446820691255, 40.0390696949201),86334.7749300431
"226",226,"Girard","Market/Frankford Line","SEPTA","MFL","Transit_Rail",0,75485.0203070981,24112.83519055,0,10760.7033439434,14840.9437478927,649217.106695362,0,147710.004303621,65784.7934041589,0,2784.28590875074,c(-75.1362020814203, 39.9689228299422),216279.08361653
"227",227,"Tasker-Morris","Broad Street Line","SEPTA","BSL","Transit_Rail",0,85665.2958428518,51585.0215119226,0,0,0,1306381.57326697,0,2321.36535767645,11418.7509820437,0,0,c(-75.1685064838876, 39.9298565886126),13740.1163397201
"228",228,"Oregon","Broad Street Line","SEPTA","BSL","Transit_Rail",0,26679.4375137161,57298.5485546819,3025.29674699721,3289.31701746602,0,1035608.98982003,0,14357.897491434,0,0,0,c(-75.1710884800964, 39.9168050098048),14357.897491434
"229",229,"Logan","Broad Street Line","SEPTA","BSL","Transit_Rail",0,36403.6367760913,121524.718993611,0,0,0,893237.745138678,0,48260.8026709678,0,93749.9962036613,0,c(-75.1466853562853, 40.0299127028296),142010.798874629
"230",230,"Girard","Broad Street Line","SEPTA","BSL","Transit_Rail",0,25125.8229872817,134500.437196595,0,602.471890670558,0,915199.148519166,0,95360.4186820086,9260.0293406336,0,4007.82256935297,c(-75.1594456739691, 39.9714654912205),108628.270591995
"231",231,"8th","Broad Street Line","SEPTA","BSL","Transit_Rail",0,180425.140137531,56055.1460889368,9540.79001001913,1150.29118496028,26235.5764598895,254534.701060056,0,8536.87621033499,20137.0916097299,0,0,c(-75.1535613845338, 39.9510487420268),28673.9678200649
"232",232,"Philmont","West Trenton Line","SEPTA","SEPTA_RR","Regional_Rail",0,0,0,16554.6100077646,0,0,126984.589230015,320984.504614767,179055.404769056,0,108245.25891108,89452.8602746766,c(-75.0437958173337, 40.121908383976),376753.523954812
"233",233,"30th Street","Market/Frankford Line","SEPTA","MFL","Transit_Rail",0,18131.6159943198,328429.604925641,32101.1167153272,2803.0592449827,3431.51245544771,239962.868979913,0,11563.827773258,19170.2875366316,0,6389.10289964241,c(-75.1832769992402, 39.9548369992244),37123.2182095321
"234",234,"Cecil B. Moore","Broad Street Line","SEPTA","BSL","Transit_Rail",0,17476.3655342689,414203.743855396,0,0,0,759801.26166231,0,78738.5872502441,11591.4874175766,0,937.085551480906,c(-75.1578662770471, 39.9787107904978),91267.1602193016
"235",235,"North Broad","SEPTA Main Line","SEPTA","SEPTA_RR","Regional_Rail",0,36467.1498338402,28905.8861703165,12254.9600656645,1518.06673843067,0,871782.544787646,0,132067.386779168,10039.7431295952,14727.174845961,24601.5150180204,c(-75.1539195070815, 39.9922512082508),181435.819772744
"236",236,"Parkview","Norristown High Speed Line","SEPTA","NHSL","Light_Rail",0,8254.74598155338,10712.3148287318,0,0,0,392137.695253521,174457.850421508,0,0,333704.527802561,0,c(-75.2742178764053, 39.9686925878937),333704.527802561
"237",237,"8th & Market Street","PATCO","PATCO","PATCO","Transit_Rail",0,180425.140137531,56055.1460889368,9540.79001001913,1150.29118496028,26235.5764598895,254534.701060056,0,8536.87621033499,20137.0916097299,0,0,c(-75.1535613845338, 39.9510487420268),28673.9678200649
"238",238,"Allegheny","Broad Street Line","SEPTA","BSL","Transit_Rail",0,12722.8580043806,75175.9286248877,12254.9600656645,0,0,739463.406938861,0,150887.153500387,26586.787321606,35079.6286443147,2618.12251155953,c(-75.1528737808592, 40.0015994776762),215171.691977867
"239",239,"Roberts Road","Norristown High Speed Line","SEPTA","NHSL","Light_Rail",0,7307.36103384351,110425.824580726,11223.7846422775,0,0,477257.008106295,556576.199818014,8075.45973037668,10651.2723654087,41623.1760764863,0,c(-75.3302926489261, 40.0214259573014),60349.9081722717
"240",240,"52nd Street","Market/Frankford Line","SEPTA","MFL","Transit_Rail",0,59678.7858083579,31239.3884869937,0,872.58194234675,0,1114179.4322738,0,22205.7219179043,0,0,3892.42742801357,c(-75.2248799190994, 39.95999745583),26098.1493459179
"241",241,"Avon Road","Route 101 & 102 Trolley Lines","SEPTA","Trolley","Trolley",0,52749.682625595,26409.2664341381,0,0,0,775745.193720031,360650.224952617,1914.15861956901,0,4985.20059774337,0,c(-75.2690710142255, 39.9577000818777),6899.35921731238
"242",242,"Erie-Torresdale","Market/Frankford Line","SEPTA","MFL","Transit_Rail",0,12111.395102473,36848.8298291221,1268.38773422113,0,0,545429.513766577,1351.37872181754,52255.5305747387,0,63052.7604729092,0,c(-75.0961641093495, 40.0059457411178),115308.291047648
"243",243,"Crestmont","Warminster Line","SEPTA","SEPTA_RR","Regional_Rail",0,30781.2122309691,16730.4511752721,834.553481069041,0,0,98059.8023278682,1000813.54283569,21149.3164423026,1556.77637276977,28095.2414358595,0,c(-75.1186490101792, 40.1332725132275),50801.3342509319
"244",244,"Cornwells Heights","Trenton Line","SEPTA","SEPTA_RR","Regional_Rail",0,0,8181.6042230324,72538.4479130404,0,0,23166.6540688574,543438.592892444,22344.6591579346,0,449339.494227356,0,c(-74.9522446941576, 40.0717791689612),471684.15338529
"245",245,"Delaware Valley College","Lansdale/Doylestown Line","SEPTA","SEPTA_RR","Regional_Rail",0,0,218751.769239482,0,0,0,0,228374.688312308,10393.886114781,0,443216.025776167,603164.326614511,c(-75.1617899251528, 40.2972372197893),1056774.23850546
"246",246,"Trevose","West Trenton Line","SEPTA","SEPTA_RR","Regional_Rail",0,0,0,14127.595664898,0,0,60541.5662042432,809459.614229565,94092.9207130987,30694.6384105963,49843.2424431314,4570.42625926651,c(-74.9827546084143, 40.1401402797521),179201.227826093
"247",247,"Fairfield Avenue","Route 101 & 102 Trolley Lines","SEPTA","Trolley","Trolley",0,47757.9060438622,9756.02701335606,12074.0202173121,0,0,721501.613941416,157231.488596674,0,2995.27988971883,22895.4075913716,0,c(-75.2637851737656, 39.9607435286887),25890.6874810905
"248",248,"Olive Street","Route 101 Trolley","SEPTA","Trolley","Trolley",0,32268.3265458104,17744.6428559876,8705.1061758122,0,0,460201.12557237,372955.69536295,10556.5803396062,5365.3988129955,245187.736721265,0,c(-75.391081301178, 39.9181529933876),261109.715873867
"249",249,"Airport Terminal A","Airport Line","SEPTA","SEPTA_RR","Regional_Rail",0,0,0,0,0,0,0,0,338685.946041156,0,0,0,c(-75.2467339513606, 39.8760036835285),338685.946041156
"250",250,"Roebling","RiverLine","NJ Transit","NJT_Riverline","Light_Rail",0,4122.74986800055,0,9720.9768332545,0,0,206628.576747556,195902.690410253,626941.060108135,0,147870.564315216,0,c(-74.77025522906, 40.1169428151959),774811.624423352
"251",251,"Aquarium","RiverLine","NJ Transit","NJT_Riverline","Light_Rail",0,26635.3154372123,96269.1659196002,0,9163.34115456577,11424.5564604125,99663.3390435629,0,43358.3563212313,19095.0944523952,0,0,c(-75.1287356012117, 39.9456365069255),62453.4507736265
"252",252,"Malvern","Paoli/Thorndale Line","SEPTA","SEPTA_RR","Regional_Rail",0,18492.5682454407,7559.40448905903,9505.59556685084,0,0,43500.7995031263,751261.335154016,0,0,305870.38889181,53146.0436103663,c(-75.5155792213682, 40.036445032422),359016.432502176
"253",253,"Pennsauken Transit Center","RiverLine","NJ Transit","NJT_Riverline","Light_Rail",0,1643.77086020844,16232.2901302995,12141.4279961973,0,0,7838.83160000734,338832.751502029,104732.92180933,0,254115.000286615,0,c(-75.0619962374898, 39.9782883405565),358847.922095945
"254",254,"Woodland Avenue","Route 101 Trolley","SEPTA","Trolley","Trolley",0,0,69475.6489845687,0,0,0,132571.463644129,1162961.06476344,0,0,228803.210857185,0,c(-75.3396367700099, 39.9247618054195),228803.210857185
"255",255,"Chester Transportation Center","Wilmington/Newark Line","SEPTA","SEPTA_RR","Regional_Rail",0,8444.32382791673,79530.4451094511,500.949243307928,6222.11007961761,0,269935.270748445,5880.49777865055,244166.103939071,0,115675.749846893,0,c(-75.3600691253818, 39.8494803252901),359841.853785964
"256",256,"Haddonfield","PATCO","PATCO","PATCO","Transit_Rail",0,31451.664801537,29088.2844786556,30925.4471933158,0,0,45659.4360833288,1110319.87900126,4386.00678735775,0,0,0,c(-75.0368451673264, 39.8973987744235),4386.00678735775
"257",257,"Wayne Junction","SEPTA Main Line","SEPTA","SEPTA_RR","Regional_Rail",0,29053.7673868345,24016.6535634007,26328.469128971,0,0,767949.225173089,0,73658.9351980667,0,53413.8930568617,777.447013866836,c(-75.160041730331, 40.0225080863398),127850.275268795
"258",258,"Moylan-Rose Valley","Media/Elwyn Line","SEPTA","SEPTA_RR","Regional_Rail",0,0,37227.6576629835,5100.43562205352,0,0,56815.8423476713,1660635.83244236,1190.85400408896,3948.14000612293,199491.927039499,0,c(-75.3881017012077, 39.9058510100631),204630.921049711
"259",259,"Tacony","Trenton Line","SEPTA","SEPTA_RR","Regional_Rail",0,26079.5705945215,76046.768909521,0,0,0,600725.830829572,6551.89168585409,83940.5406162744,18154.0523880883,0,0,c(-75.0390238875823, 40.0232259252203),102094.593004363
"260",260,"Suburban Station","SEPTA Main Line","SEPTA","SEPTA_RR","Regional_Rail",0,89302.4370965252,55906.4526439022,0,0,15881.7504547035,198559.064405083,0,27285.1949357691,32519.2325668004,0,0,c(-75.1673386259594, 39.9541969942111),59804.4275025696
"261",261,"Drexel Park","Route 101 & 102 Trolley Lines","SEPTA","Trolley","Trolley",0,6836.90038528006,89419.5933750086,0,0,0,229848.933437707,1025243.61491668,692.977757040455,0,0,0,c(-75.2870198619003, 39.9497399029942),692.977757040455
"262",262,"Whitford","Paoli/Thorndale Line","SEPTA","SEPTA_RR","Regional_Rail",0,0,0,13381.3575738987,0,0,70838.1884419323,558394.121185534,46089.8675526661,112035.838615904,841208.050090237,0,c(-75.6384404328054, 40.014712368359),999333.756258807
"263",263,"Fernwood-Yeadon","Media/Elwyn Line","SEPTA","SEPTA_RR","Regional_Rail",0,19999.7945924204,19289.48616964,0,0,0,363023.813470654,313397.371670429,7244.81856301174,6953.35053960421,19135.9891809983,0,c(-75.2558295197312, 39.9397224508523),33334.1582836143
"264",264,"Ivy Ridge","Manayunk/Norristown Line","SEPTA","SEPTA_RR","Regional_Rail",0,950.799824019471,4904.03934903261,13577.1053995892,0,0,320899.592546138,295079.552997458,9667.11266396293,4651.88794298451,531075.348626998,0,c(-75.2355024766076, 40.0341328382001),545394.349233945
"265",265,"Stenton","Chestnut Hill East Line","SEPTA","SEPTA_RR","Regional_Rail",0,3705.04690092815,7643.48568558586,4903.42213991073,0,0,1173175.46851305,323239.771420572,3799.84660991345,0,27394.6104681426,0,c(-75.1788073916847, 40.0605440955123),31194.4570780561
"266",266,"Cinnaminson","RiverLine","NJ Transit","NJT_Riverline","Light_Rail",0,0,0,9879.49729187878,0,0,159099.654590119,337076.677365029,272480.460665137,21890.6089612419,258968.888083555,299614.696242705,c(-74.9999751422095, 40.0166172078448),852954.65395264
"267",267,"Orange Street","Route 101 Trolley","SEPTA","Trolley","Trolley",0,32268.3265458104,17744.6428559876,8705.1061758122,0,0,399128.6679972,334766.670764168,1988.62000175808,5365.3988129955,334406.022472731,0,c(-75.3930102750949, 39.9184205318377),341760.041287484
"268",268,"36th Street","RiverLine","NJ Transit","NJT_Riverline","Light_Rail",0,3171.66152938574,27018.037285605,18053.0763135401,0,0,182530.466397695,794427.658678327,178307.161577671,0,194994.625622527,0,c(-75.0791579581001, 39.9613016050308),373301.787200198
"269",269,"Highland","Chestnut Hill West Line","SEPTA","SEPTA_RR","Regional_Rail",0,33635.6991664052,11065.8850618091,9158.3960651191,0,3729.58356836896,204618.296437869,1039273.90082879,21444.4175128476,18846.9253527696,921476.981154321,0,c(-75.2111044654791, 40.0703058786001),961768.324019938
"270",270,"Providence Road","Route 102 Trolley","SEPTA","Trolley","Trolley",0,2119.71894018086,8122.68796886707,9056.02754535161,0,0,431115.434162308,987901.050034558,2454.68490141426,0,21677.9801324682,0,c(-75.2886164869636, 39.9217177754443),24132.6650338825
"271",271,"Ferry Avenue","PATCO","PATCO","PATCO","Transit_Rail",0,2542.26720060771,12320.6705561794,58881.5893047019,5607.00007626954,0,252235.205222748,284948.748296698,68953.1234395184,24811.5935385974,47902.5577570093,0,c(-75.0916697511908, 39.9226852536206),141667.274735125
"272",272,"Frankford Transportation Center","Market/Frankford Line","SEPTA","MFL","Transit_Rail",0,29304.7608000653,42757.6711059566,20145.923428432,1006.67478358077,0,947681.78857583,14572.2108950891,15918.0775269737,0,0,0,c(-75.0780645511522, 40.0229160138085),15918.0775269737
"273",273,"40th Street","Market/Frankford Line","SEPTA","MFL","Transit_Rail",0,48235.5480878134,260943.310677712,0,0,10468.4363869981,643937.481917764,0,17669.075565427,27866.1987090368,0,1426.2004230452,c(-75.2019624820661, 39.957153415565),46961.474697509
"274",274,"Spring Garden","Broad Street Line","SEPTA","BSL","Transit_Rail",0,58986.9938447278,122211.453947486,0,602.471890670558,8996.05735957443,486103.399959023,0,118443.849349636,21880.0733035282,0,11111.0860225809,c(-75.1614208195424, 39.9624177633789),151435.008675745
"275",275,"46th Street","Market/Frankford Line","SEPTA","MFL","Transit_Rail",0,23628.3506135859,105187.814186343,0,872.58194234675,0,851882.610040721,0,76666.1066763532,2186.59553069105,3620.25356320255,2089.95000293916,c(-75.2140078008179, 39.9586666151986),84562.905773186
"276",276,"Garrett Hill","Norristown High Speed Line","SEPTA","NHSL","Light_Rail",0,3064.02563638187,76913.6490054956,1036.56645746944,0,0,277146.600496694,919327.74441042,0,2207.12716666576,51532.5358079995,0,c(-75.3362225703732, 40.0277877961634),53739.6629746653
"277",277,"North Philadelphia","Broad Street Line","SEPTA","BSL","Transit_Rail",0,38033.762382051,15711.1722345364,12254.9600656645,1518.06673843067,0,807641.779035751,0,141684.235446659,10039.7431295952,25900.9379261239,27219.6375295799,c(-75.1545130006472, 39.9941099992232),204844.554031958
"278",278,"Ardmore Avenue","Norristown High Speed Line","SEPTA","NHSL","Light_Rail",0,1341.55552029303,0,7349.77619542492,0,0,284289.560659052,823147.13613293,11336.9752691572,0,98590.8762751298,0,c(-75.3094879696392, 39.9999710453523),109927.851544287
"279",279,"Stadium (Ithan Avenue)","Norristown High Speed Line","SEPTA","NHSL","Light_Rail",0,3064.02563638187,420164.320096613,4757.34261231709,0,0,79858.1130460786,661710.936438128,7543.35359473739,0,8060.50883161897,0,c(-75.3407649720746, 40.0326902181679),15603.8624263564
"280",280,"Bridgeport","Norristown High Speed Line","SEPTA","NHSL","Light_Rail",0,3738.01078172242,11104.6042356016,3318.66575807309,1207.63018449585,0,331634.093572971,114557.554606942,35411.9046934082,0,270356.081435917,0,c(-75.3481762726585, 40.1048761083812),305767.986129326
"281",281,"New Britain","Lansdale/Doylestown Line","SEPTA","SEPTA_RR","Regional_Rail",0,0,0,1112.33727783763,0,0,0,1237879.66502466,54894.2826010109,0,220153.089831128,24288.2409801792,c(-75.1796647493447, 40.297489511674),299335.613412318
"282",282,"69th Street Transportation Center","Norristown High Speed Line","SEPTA","NHSL","Light_Rail",0,45448.3875927222,0,12074.0202173121,0,0,511299.606608454,35911.7769851538,37083.8255218531,2995.27988971883,460455.991717788,0,c(-75.2592801419407, 39.9626282514783),500535.09712936
"283",283,"Chinatown","Broad Street Line","SEPTA","BSL","Transit_Rail",0,157357.671561017,16045.9772601114,9540.79001001913,0,26297.0709817523,105761.055345123,0,52401.9377672089,11409.281871838,0,0,c(-75.1530192981869, 39.9555300646808),63811.2196390469
"284",284,"Norristown Transportation Center","Norristown High Speed Line","SEPTA","NHSL","Light_Rail",0,106266.774539755,6357.72885182984,20035.2097292558,2691.09352367554,0,273284.194015451,0,43932.0749429925,0,150548.887031108,0,c(-75.3453154341678, 40.1133279321177),194480.9619741
"285",285,"Township Line Road","Norristown High Speed Line","SEPTA","NHSL","Light_Rail",0,0,0,0,0,0,127222.811519799,678653.481621229,0,2386.41514125725,367897.913827169,0,c(-75.2815775961304, 39.9747683870699),370284.328968426
"286",286,"Ambler","Lansdale/Doylestown Line","SEPTA","SEPTA_RR","Regional_Rail",0,36244.4026771597,3608.92744253399,22602.8368582944,0,0,265538.111782074,567963.081448782,92304.3155630455,6499.97281953448,397795.095021786,0,c(-75.2248996720954, 40.1536580369935),496599.383404366
"287",287,"Berks","Market/Frankford Line","SEPTA","MFL","Transit_Rail",0,39318.8130581485,51784.5298743364,0,3391.93411828748,0,917436.358201908,0,93639.2088289927,4388.94818748965,0,0,c(-75.1335129517895, 39.9786359702259),98028.1570164823
"288",288,"Susquehanna-Dauphin","Broad Street Line","SEPTA","BSL","Transit_Rail",0,15015.9216155586,245448.829168231,0,1518.06673843067,3985.27571240156,892302.762310093,0,100344.611762446,4727.20577089231,10194.256144596,3628.10181744323,c(-75.1560405434832, 39.987084210834),118894.175495377
"289",289,"Erie","Broad Street Line","SEPTA","BSL","Transit_Rail",0,36903.5527581633,115581.670588223,0,0,0,933668.626254515,0,83440.7701454269,6618.92595923249,12805.9822812543,0,c(-75.1512005839765, 40.0092645270496),102865.678385914
"290",290,"Haverford","Norristown High Speed Line","SEPTA","NHSL","Light_Rail",0,0,295523.870486247,1671.52742168907,0,0,96340.4753836785,1102073.50371332,0,0,76341.2558756122,0,c(-75.3153229974501, 40.0100393050004),76341.2558756122
"291",291,"Miquon","Manayunk/Norristown Line","SEPTA","SEPTA_RR","Regional_Rail",0,0,13028.3797725455,1961.02944221562,0,0,0,195872.296937847,18455.3417047819,0,484307.684795732,204256.836120337,c(-75.266413652013, 40.0585570497951),707019.86262085
"292",292,"Villanova","Norristown High Speed Line","SEPTA","NHSL","Light_Rail",0,0,420164.320096613,4757.34261231709,0,0,0,1164703.22024865,10035.319972309,12776.9995770566,21122.4658968766,0,c(-75.3439691357386, 40.0340470768094),43934.7854462421
"293",293,"DeKalb Street","Norristown High Speed Line","SEPTA","NHSL","Light_Rail",0,0,11104.6042356016,8242.17788476314,0,0,188052.7760583,366279.683042239,104991.864983404,9959.49576363683,491813.174164275,0,c(-75.3520513379721, 40.0988566626012),606764.534911316
"294",294,"Berwyn","Paoli/Thorndale Line","SEPTA","SEPTA_RR","Regional_Rail",0,0,38743.1400748384,4340.71540535025,0,0,56332.2688398498,974539.091368655,10395.7959237005,4015.55989751411,40193.8601693096,0,c(-75.4424787416063, 40.0480950383989),54605.2159905243
"295",295,"Jenkintown-Wyncote","Glenside Combined","SEPTA","SEPTA_RR","Regional_Rail",0,6384.08181712325,19289.4579583479,18018.1674275098,0,0,269054.630415725,707934.368016953,5526.40082791221,5928.73909851678,78026.7363568723,0,c(-75.1377791141579, 40.0932206071381),89481.8762833013
"296",296,"8th Street","Market/Frankford Line","SEPTA","MFL","Transit_Rail",0,180425.140137531,56055.1460889368,9540.79001001913,1150.29118496028,26235.5764598895,254534.701060056,0,8536.87621033499,20137.0916097299,0,0,c(-75.1535613845338, 39.9510487420268),28673.9678200649
"297",297,"15th Street","Market/Frankford Line","SEPTA","MFL","Transit_Rail",0,119550.952285847,75406.0294601686,497.313882228068,0,23259.117653683,228489.380921562,0,17843.747837808,36123.632897461,0,0,c(-75.1653126249664, 39.9526048572777),53967.380735269
"298",298,"County Line","Norristown High Speed Line","SEPTA","NHSL","Light_Rail",0,0,196676.906855592,0,0,0,0,984000.632045594,15074.0429803332,0,350333.19081916,0,c(-75.3473400391624, 40.0501174349832),365407.233799493
"299",299,"Elkins Park","Glenside Combined","SEPTA","SEPTA_RR","Regional_Rail",0,8232.85932122573,49305.7170601088,2279.33233954618,0,0,142475.676155099,1157473.36115946,937.679616866592,0,63582.325809681,0,c(-75.1276710301245, 40.07123280203),64520.0054265476
"300",300,"Noble","West Trenton Line","SEPTA","SEPTA_RR","Regional_Rail",0,2969.39118013891,0,1946.38594020617,0,0,160283.231729751,1059748.05164655,81185.1123868482,0,159990.304901877,0,c(-75.1245054931917, 40.1043642478088),241175.417288725
"301",301,"Allegheny","Market/Frankford Line","SEPTA","MFL","Transit_Rail",0,68363.264385727,62042.4037157606,0,3581.17567165454,0,973268.815327493,0,18725.8277823567,0,0,0,c(-75.1134266160351, 39.9964885468142),18725.8277823567
"302",302,"Huntingdon","Market/Frankford Line","SEPTA","MFL","Transit_Rail",0,49994.8811395891,39301.0983316992,0,1870.68715148458,0,883044.695649214,0,109742.702298604,10827.6501797982,0,0,c(-75.1274182924271, 39.9887950873533),120570.352478402
"303",303,"Somerset","Market/Frankford Line","SEPTA","MFL","Transit_Rail",0,55095.874495428,51948.9192606286,0,0,0,912003.754167161,0,88093.6105326773,0,0,0,c(-75.1222737712967, 39.991623676369),88093.6105326773
"304",304,"60th Street","Market/Frankford Line","SEPTA","MFL","Transit_Rail",0,66970.5742243363,40791.7186659266,0,1738.27648205419,0,1131558.89779203,0,34935.3255816947,0,28619.6292727146,7435.05509121679,c(-75.2407096408004, 39.9619704483485),70990.0099456261
"305",305,"Ardmore Junction","Norristown High Speed Line","SEPTA","NHSL","Light_Rail",0,4255.16465041776,12576.8451861561,7349.77619542492,0,0,440549.661077787,815096.476650152,12847.5224713869,0,27571.5037700222,4384.08353104741,c(-75.3035194835356, 39.9961759864526),44803.1097724565
"306",306,"Glenside","Glenside Combined","SEPTA","SEPTA_RR","Regional_Rail",0,32342.1457951575,5813.69365700982,9609.19387650467,0,0,175760.950242316,1258535.26086208,1333.80581036448,0,26622.5126118316,0,c(-75.1537142929238, 40.1013438811895),27956.3184221961
"307",307,"Fern Rock Transportation Center","Broad Street Line","SEPTA","BSL","Transit_Rail",0,46736.8739775823,44534.42193171,25249.1211396358,0,0,754646.362815044,159226.168301715,3928.73602683022,0,28804.4047848562,0,c(-75.1368235524688, 40.0418298570386),32733.1408116864
"308",308,"Church","Market/Frankford Line","SEPTA","MFL","Transit_Rail",0,59627.0172704304,51382.0400652009,12694.2697226666,0,0,616783.151349299,6284.47148334321,48085.3862093966,0,26462.3262076874,0,c(-75.0890847695248, 40.0104226625642),74547.7124170841
"309",309,"Hunting Park","Broad Street Line","SEPTA","BSL","Transit_Rail",0,23858.222035834,57373.3298944626,0,0,0,693293.405507089,0,72404.8270355739,0,12805.9822812543,963.891342478882,c(-75.1492977323284, 40.0179678398902),86174.7006593071
"310",310,"Hughes Park","Norristown High Speed Line","SEPTA","NHSL","Light_Rail",0,0,0,0,0,0,155754.049585895,398970.371155571,107993.881065112,0,97602.8251477109,7395.68478537535,c(-75.3489040475582, 40.081239190804),212992.390998198
"311",311,"Warminster","Warminster Line","SEPTA","SEPTA_RR","Regional_Rail",51852.1456892461,0,0,30126.1301510914,0,0,136537.63995234,378242.593843159,120966.127997845,0,80347.0102821743,0,c(-75.0890975808459, 40.1951158802669),201313.138280019
"312",312,"Wynnewood","Paoli/Thorndale Line","SEPTA","SEPTA_RR","Regional_Rail",0,0,0,7645.77174230452,0,5934.97171169418,204937.975052145,1203544.07751273,17660.0737290902,18432.2687672743,176792.926804862,0,c(-75.2731184765242, 40.002825783544),212885.269301226
"313",313,"Wyoming","Broad Street Line","SEPTA","BSL","Transit_Rail",0,39220.4752835667,17611.8045553847,600.796055057322,0,0,842398.524204508,0,163662.64964295,0,9132.38977838899,963.891342478882,c(-75.1478556233418, 40.0245622801973),173758.930763817
"314",314,"City Hall","Broad Street Line","SEPTA","BSL","Transit_Rail",0,136375.872444676,87395.738729231,497.313882228068,0,23259.117653683,219824.500271768,0,12290.0190288596,36123.632897461,0,0,c(-75.1641417412989, 39.9524594393105),48413.6519263206
"315",315,"5th Street","Market/Frankford Line","SEPTA","MFL","Transit_Rail",0,175681.610402621,30303.4074779898,497.313882228068,1150.29118496028,15402.1386702065,308016.051255282,0,24758.0971260873,10834.0055757756,0,0,c(-75.148948934779, 39.950487596152),35592.1027018629
"316",316,"Providence Road","Route 101 Trolley","SEPTA","Trolley","Trolley",0,9715.49320939152,9313.39541189142,1894.04666992353,0,0,203479.760416462,910761.121459105,12618.5738964439,5365.3988129955,46497.1376275204,0,c(-75.3807186463167, 39.9167202091326),64481.1103369598
"317",317,"Levittown","Trenton Line","SEPTA","SEPTA_RR","Regional_Rail",28581.1970218731,0,15458.6049742507,18355.5001778434,0,0,37423.3805760074,267640.300840505,141025.181863907,0,189889.513545163,9577.8890673325,c(-74.8170164354202, 40.1402588400636),340492.584476402
"318",318,"Lombard-South","Broad Street Line","SEPTA","BSL","Transit_Rail",0,88219.2979767912,73713.9444210593,0,3102.3042454169,16397.0485256904,894114.17746573,0,26493.4310232165,7130.19497284409,0,858.230947091162,c(-75.1654004663232, 39.9441472657926),34481.8569431518
